year,phase,course,college_code,college_name,college_type,category,last_rank,other_categories_raw,source_file
2025,1,MBBS,ALP,"T D Govt. Medical College, Alappuzha",G,SM,638,"DA:13014, PD:39437, PI:2, SD:834, XS:709",mbbs_lrank_final.pdf
2025,1,MBBS,ALP,"T D Govt. Medical College, Alappuzha",G,EZ,771,,mbbs_lrank_final.pdf
2025,1,MBBS,ALP,"T D Govt. Medical College, Alappuzha",G,MU,695,,mbbs_lrank_final.pdf
2025,1,MBBS,ALP,"T D Govt. Medical College, Alappuzha",G,LA,1934,,mbbs_lrank_final.pdf
2025,1,MBBS,ALP,"T D Govt. Medical College, Alappuzha",G,DV,5062,,mbbs_lrank_final.pdf
2025,1,MBBS,ALP,"T D Govt. Medical College, Alappuzha",G,VK,1390,,mbbs_lrank_final.pdf
2025,1,MBBS,ALP,"T D Govt. Medical College, Alappuzha",G,BH,1242,,mbbs_lrank_final.pdf
2025,1,MBBS,ALP,"T D Govt. Medical College, Alappuzha",G,BX,1495,,mbbs_lrank_final.pdf
2025,1,MBBS,ALP,"T D Govt. Medical College, Alappuzha",G,KN,7817,,mbbs_lrank_final.pdf
2025,1,MBBS,ALP,"T D Govt. Medical College, Alappuzha",G,KU,8753,,mbbs_lrank_final.pdf
2025,1,MBBS,ALP,"T D Govt. Medical College, Alappuzha",G,SC,8942,,mbbs_lrank_final.pdf
2025,1,MBBS,ALP,"T D Govt. Medical College, Alappuzha",G,ST,19195,,mbbs_lrank_final.pdf
2025,1,MBBS,ALP,"T D Govt. Medical College, Alappuzha",G,EW,1696,,mbbs_lrank_final.pdf
2025,1,MBBS,CMC,"Govt. Medical College, Ernakulam",G,SM,697,"DA:13937, PD:39643, PI:3",mbbs_lrank_final.pdf
2025,1,MBBS,CMC,"Govt. Medical College, Ernakulam",G,EZ,977,,mbbs_lrank_final.pdf
2025,1,MBBS,CMC,"Govt. Medical College, Ernakulam",G,MU,872,,mbbs_lrank_final.pdf
2025,1,MBBS,CMC,"Govt. Medical College, Ernakulam",G,LA,2185,,mbbs_lrank_final.pdf
2025,1,MBBS,CMC,"Govt. Medical College, Ernakulam",G,DV,4817,,mbbs_lrank_final.pdf
2025,1,MBBS,CMC,"Govt. Medical College, Ernakulam",G,VK,1439,,mbbs_lrank_final.pdf
2025,1,MBBS,CMC,"Govt. Medical College, Ernakulam",G,BH,1277,,mbbs_lrank_final.pdf
2025,1,MBBS,CMC,"Govt. Medical College, Ernakulam",G,BX,1602,,mbbs_lrank_final.pdf
2025,1,MBBS,CMC,"Govt. Medical College, Ernakulam",G,KN,7990,,mbbs_lrank_final.pdf
2025,1,MBBS,CMC,"Govt. Medical College, Ernakulam",G,KU,15753,,mbbs_lrank_final.pdf
2025,1,MBBS,CMC,"Govt. Medical College, Ernakulam",G,SC,9794,,mbbs_lrank_final.pdf
2025,1,MBBS,CMC,"Govt. Medical College, Ernakulam",G,ST,19298,,mbbs_lrank_final.pdf
2025,1,MBBS,CMC,"Govt. Medical College, Ernakulam",G,EW,1827,,mbbs_lrank_final.pdf
2025,1,MBBS,IDM,Government Medical College Idukki,G,SM,,"CC:3, PD:43775, PT:6",mbbs_lrank_final.pdf
2025,1,MBBS,IDM,Government Medical College Idukki,G,EZ,1627,,mbbs_lrank_final.pdf
2025,1,MBBS,IDM,Government Medical College Idukki,G,MU,916,,mbbs_lrank_final.pdf
2025,1,MBBS,IDM,Government Medical College Idukki,G,LA,3296,,mbbs_lrank_final.pdf
2025,1,MBBS,IDM,Government Medical College Idukki,G,DV,6307,,mbbs_lrank_final.pdf
2025,1,MBBS,IDM,Government Medical College Idukki,G,VK,2556,,mbbs_lrank_final.pdf
2025,1,MBBS,IDM,Government Medical College Idukki,G,BH,1902,,mbbs_lrank_final.pdf
2025,1,MBBS,IDM,Government Medical College Idukki,G,BX,2674,,mbbs_lrank_final.pdf
2025,1,MBBS,IDM,Government Medical College Idukki,G,KN,9811,,mbbs_lrank_final.pdf
2025,1,MBBS,IDM,Government Medical College Idukki,G,KU,20214,,mbbs_lrank_final.pdf
2025,1,MBBS,IDM,Government Medical College Idukki,G,SC,12528,,mbbs_lrank_final.pdf
2025,1,MBBS,IDM,Government Medical College Idukki,G,ST,20938,,mbbs_lrank_final.pdf
2025,1,MBBS,IDM,Government Medical College Idukki,G,EW,2842,,mbbs_lrank_final.pdf
2025,1,MBBS,KKM,"Govt. Medical College, Kozhikkode",G,SM,183,"CC:1, DA:7273, PD:23593, PT:1, SD:438, XS:201",mbbs_lrank_final.pdf
2025,1,MBBS,KKM,"Govt. Medical College, Kozhikkode",G,EZ,371,,mbbs_lrank_final.pdf
2025,1,MBBS,KKM,"Govt. Medical College, Kozhikkode",G,MU,239,,mbbs_lrank_final.pdf
2025,1,MBBS,KKM,"Govt. Medical College, Kozhikkode",G,LA,947,,mbbs_lrank_final.pdf
2025,1,MBBS,KKM,"Govt. Medical College, Kozhikkode",G,DV,3098,,mbbs_lrank_final.pdf
2025,1,MBBS,KKM,"Govt. Medical College, Kozhikkode",G,VK,583,,mbbs_lrank_final.pdf
2025,1,MBBS,KKM,"Govt. Medical College, Kozhikkode",G,BH,511,,mbbs_lrank_final.pdf
2025,1,MBBS,KKM,"Govt. Medical College, Kozhikkode",G,BX,1149,,mbbs_lrank_final.pdf
2025,1,MBBS,KKM,"Govt. Medical College, Kozhikkode",G,KN,4225,,mbbs_lrank_final.pdf
2025,1,MBBS,KKM,"Govt. Medical College, Kozhikkode",G,KU,7188,,mbbs_lrank_final.pdf
2025,1,MBBS,KKM,"Govt. Medical College, Kozhikkode",G,SC,4928,,mbbs_lrank_final.pdf
2025,1,MBBS,KKM,"Govt. Medical College, Kozhikkode",G,ST,6153,,mbbs_lrank_final.pdf
2025,1,MBBS,KKM,"Govt. Medical College, Kozhikkode",G,EW,973,,mbbs_lrank_final.pdf
2025,1,MBBS,KLM,"Govt. Medical College, Parippally, Kollam",G,SM,559,"PD:41059, PI:7",mbbs_lrank_final.pdf
2025,1,MBBS,KLM,"Govt. Medical College, Parippally, Kollam",G,EZ,1276,,mbbs_lrank_final.pdf
2025,1,MBBS,KLM,"Govt. Medical College, Parippally, Kollam",G,MU,891,,mbbs_lrank_final.pdf
2025,1,MBBS,KLM,"Govt. Medical College, Parippally, Kollam",G,LA,1938,,mbbs_lrank_final.pdf
2025,1,MBBS,KLM,"Govt. Medical College, Parippally, Kollam",G,DV,5454,,mbbs_lrank_final.pdf
2025,1,MBBS,KLM,"Govt. Medical College, Parippally, Kollam",G,VK,1819,,mbbs_lrank_final.pdf
2025,1,MBBS,KLM,"Govt. Medical College, Parippally, Kollam",G,BH,1341,,mbbs_lrank_final.pdf
2025,1,MBBS,KLM,"Govt. Medical College, Parippally, Kollam",G,BX,2039,,mbbs_lrank_final.pdf
2025,1,MBBS,KLM,"Govt. Medical College, Parippally, Kollam",G,KN,8828,,mbbs_lrank_final.pdf
2025,1,MBBS,KLM,"Govt. Medical College, Parippally, Kollam",G,KU,,,mbbs_lrank_final.pdf
2025,1,MBBS,KLM,"Govt. Medical College, Parippally, Kollam",G,SC,9917,,mbbs_lrank_final.pdf
2025,1,MBBS,KLM,"Govt. Medical College, Parippally, Kollam",G,ST,20179,,mbbs_lrank_final.pdf
2025,1,MBBS,KLM,"Govt. Medical College, Parippally, Kollam",G,EW,1937,,mbbs_lrank_final.pdf
2025,1,MBBS,KNM,Government Medical College Kannur,G,SM,691,"PD:41698, PI:5",mbbs_lrank_final.pdf
2025,1,MBBS,KNM,Government Medical College Kannur,G,EZ,1086,,mbbs_lrank_final.pdf
2025,1,MBBS,KNM,Government Medical College Kannur,G,MU,886,,mbbs_lrank_final.pdf
2025,1,MBBS,KNM,Government Medical College Kannur,G,LA,2420,,mbbs_lrank_final.pdf
2025,1,MBBS,KNM,Government Medical College Kannur,G,DV,5400,,mbbs_lrank_final.pdf
2025,1,MBBS,KNM,Government Medical College Kannur,G,VK,1536,,mbbs_lrank_final.pdf
2025,1,MBBS,KNM,Government Medical College Kannur,G,BH,1154,,mbbs_lrank_final.pdf
2025,1,MBBS,KNM,Government Medical College Kannur,G,BX,1724,,mbbs_lrank_final.pdf
2025,1,MBBS,KNM,Government Medical College Kannur,G,KN,8315,,mbbs_lrank_final.pdf
2025,1,MBBS,KNM,Government Medical College Kannur,G,KU,16743,,mbbs_lrank_final.pdf
2025,1,MBBS,KNM,Government Medical College Kannur,G,SC,9741,,mbbs_lrank_final.pdf
2025,1,MBBS,KNM,Government Medical College Kannur,G,ST,20723,,mbbs_lrank_final.pdf
2025,1,MBBS,KNM,Government Medical College Kannur,G,EW,2090,,mbbs_lrank_final.pdf
2025,1,MBBS,KTM,"Govt. Medical College, Kottayam",G,SM,490,"CC:2, DA:13430, DK:23204, PD:30821, PI:1, XS:543",mbbs_lrank_final.pdf
2025,1,MBBS,KTM,"Govt. Medical College, Kottayam",G,EZ,643,,mbbs_lrank_final.pdf
2025,1,MBBS,KTM,"Govt. Medical College, Kottayam",G,MU,538,,mbbs_lrank_final.pdf
2025,1,MBBS,KTM,"Govt. Medical College, Kottayam",G,LA,1068,,mbbs_lrank_final.pdf
2025,1,MBBS,KTM,"Govt. Medical College, Kottayam",G,DV,3887,,mbbs_lrank_final.pdf
2025,1,MBBS,KTM,"Govt. Medical College, Kottayam",G,VK,820,,mbbs_lrank_final.pdf
2025,1,MBBS,KTM,"Govt. Medical College, Kottayam",G,BH,773,,mbbs_lrank_final.pdf
2025,1,MBBS,KTM,"Govt. Medical College, Kottayam",G,BX,1351,,mbbs_lrank_final.pdf
2025,1,MBBS,KTM,"Govt. Medical College, Kottayam",G,KN,6247,,mbbs_lrank_final.pdf
2025,1,MBBS,KTM,"Govt. Medical College, Kottayam",G,KU,14879,,mbbs_lrank_final.pdf
2025,1,MBBS,KTM,"Govt. Medical College, Kottayam",G,SC,7476,,mbbs_lrank_final.pdf
2025,1,MBBS,KTM,"Govt. Medical College, Kottayam",G,ST,17277,,mbbs_lrank_final.pdf
2025,1,MBBS,KTM,"Govt. Medical College, Kottayam",G,EW,1347,,mbbs_lrank_final.pdf
2025,1,MBBS,MLP,"Govt. Medical College, Manjeri",G,SM,694,"DA:13760, PD:37391, PI:4, XS:765",mbbs_lrank_final.pdf
2025,1,MBBS,MLP,"Govt. Medical College, Manjeri",G,EZ,952,,mbbs_lrank_final.pdf
2025,1,MBBS,MLP,"Govt. Medical College, Manjeri",G,MU,790,,mbbs_lrank_final.pdf
2025,1,MBBS,MLP,"Govt. Medical College, Manjeri",G,LA,2377,,mbbs_lrank_final.pdf
2025,1,MBBS,MLP,"Govt. Medical College, Manjeri",G,DV,5541,,mbbs_lrank_final.pdf
2025,1,MBBS,MLP,"Govt. Medical College, Manjeri",G,VK,1392,,mbbs_lrank_final.pdf
2025,1,MBBS,MLP,"Govt. Medical College, Manjeri",G,BH,981,,mbbs_lrank_final.pdf
2025,1,MBBS,MLP,"Govt. Medical College, Manjeri",G,BX,1794,,mbbs_lrank_final.pdf
2025,1,MBBS,MLP,"Govt. Medical College, Manjeri",G,KN,8088,,mbbs_lrank_final.pdf
2025,1,MBBS,MLP,"Govt. Medical College, Manjeri",G,KU,16959,,mbbs_lrank_final.pdf
2025,1,MBBS,MLP,"Govt. Medical College, Manjeri",G,SC,10069,,mbbs_lrank_final.pdf
2025,1,MBBS,MLP,"Govt. Medical College, Manjeri",G,ST,21411,,mbbs_lrank_final.pdf
2025,1,MBBS,MLP,"Govt. Medical College, Manjeri",G,EW,1954,,mbbs_lrank_final.pdf
2025,1,MBBS,PKM,"Government Medical College, Palakkad",G,SM,,,mbbs_lrank_final.pdf
2025,1,MBBS,PKM,"Government Medical College, Palakkad",G,EZ,1297,,mbbs_lrank_final.pdf
2025,1,MBBS,PKM,"Government Medical College, Palakkad",G,MU,892,,mbbs_lrank_final.pdf
2025,1,MBBS,PKM,"Government Medical College, Palakkad",G,LA,2485,,mbbs_lrank_final.pdf
2025,1,MBBS,PKM,"Government Medical College, Palakkad",G,DV,,,mbbs_lrank_final.pdf
2025,1,MBBS,PKM,"Government Medical College, Palakkad",G,VK,,,mbbs_lrank_final.pdf
2025,1,MBBS,PKM,"Government Medical College, Palakkad",G,BH,,,mbbs_lrank_final.pdf
2025,1,MBBS,PKM,"Government Medical College, Palakkad",G,BX,,,mbbs_lrank_final.pdf
2025,1,MBBS,PKM,"Government Medical College, Palakkad",G,KN,,,mbbs_lrank_final.pdf
2025,1,MBBS,PKM,"Government Medical College, Palakkad",G,KU,,,mbbs_lrank_final.pdf
2025,1,MBBS,PKM,"Government Medical College, Palakkad",G,SC,14160,,mbbs_lrank_final.pdf
2025,1,MBBS,PKM,"Government Medical College, Palakkad",G,ST,22753,,mbbs_lrank_final.pdf
2025,1,MBBS,PKM,"Government Medical College, Palakkad",G,EW,2153,,mbbs_lrank_final.pdf
2025,1,MBBS,PTM,"Government Medical College, Konni, Pathanamthitta",G,SM,,"DM:22110, PD:43712, PT:5",mbbs_lrank_final.pdf
2025,1,MBBS,PTM,"Government Medical College, Konni, Pathanamthitta",G,EZ,1622,,mbbs_lrank_final.pdf
2025,1,MBBS,PTM,"Government Medical College, Konni, Pathanamthitta",G,MU,911,,mbbs_lrank_final.pdf
2025,1,MBBS,PTM,"Government Medical College, Konni, Pathanamthitta",G,LA,2496,,mbbs_lrank_final.pdf
2025,1,MBBS,PTM,"Government Medical College, Konni, Pathanamthitta",G,DV,6514,,mbbs_lrank_final.pdf
2025,1,MBBS,PTM,"Government Medical College, Konni, Pathanamthitta",G,VK,2107,,mbbs_lrank_final.pdf
2025,1,MBBS,PTM,"Government Medical College, Konni, Pathanamthitta",G,BH,1892,,mbbs_lrank_final.pdf
2025,1,MBBS,PTM,"Government Medical College, Konni, Pathanamthitta",G,BX,2396,,mbbs_lrank_final.pdf
2025,1,MBBS,PTM,"Government Medical College, Konni, Pathanamthitta",G,KN,8873,,mbbs_lrank_final.pdf
2025,1,MBBS,PTM,"Government Medical College, Konni, Pathanamthitta",G,KU,19105,,mbbs_lrank_final.pdf
2025,1,MBBS,PTM,"Government Medical College, Konni, Pathanamthitta",G,SC,11110,,mbbs_lrank_final.pdf
2025,1,MBBS,PTM,"Government Medical College, Konni, Pathanamthitta",G,ST,24188,,mbbs_lrank_final.pdf
2025,1,MBBS,PTM,"Government Medical College, Konni, Pathanamthitta",G,EW,2482,,mbbs_lrank_final.pdf
2025,1,MBBS,TCM,"Govt. Medical College, Thrissur",G,SM,460,"DA:10305, PD:32884, PT:3, XS:626",mbbs_lrank_final.pdf
2025,1,MBBS,TCM,"Govt. Medical College, Thrissur",G,EZ,653,,mbbs_lrank_final.pdf
2025,1,MBBS,TCM,"Govt. Medical College, Thrissur",G,MU,496,,mbbs_lrank_final.pdf
2025,1,MBBS,TCM,"Govt. Medical College, Thrissur",G,LA,1548,,mbbs_lrank_final.pdf
2025,1,MBBS,TCM,"Govt. Medical College, Thrissur",G,DV,4531,,mbbs_lrank_final.pdf
2025,1,MBBS,TCM,"Govt. Medical College, Thrissur",G,VK,1223,,mbbs_lrank_final.pdf
2025,1,MBBS,TCM,"Govt. Medical College, Thrissur",G,BH,799,,mbbs_lrank_final.pdf
2025,1,MBBS,TCM,"Govt. Medical College, Thrissur",G,BX,1421,,mbbs_lrank_final.pdf
2025,1,MBBS,TCM,"Govt. Medical College, Thrissur",G,KN,6595,,mbbs_lrank_final.pdf
2025,1,MBBS,TCM,"Govt. Medical College, Thrissur",G,KU,10556,,mbbs_lrank_final.pdf
2025,1,MBBS,TCM,"Govt. Medical College, Thrissur",G,SC,8273,,mbbs_lrank_final.pdf
2025,1,MBBS,TCM,"Govt. Medical College, Thrissur",G,ST,17812,,mbbs_lrank_final.pdf
2025,1,MBBS,TCM,"Govt. Medical College, Thrissur",G,EW,1504,,mbbs_lrank_final.pdf
2025,1,MBBS,TVM,"Govt. Medical College, Thiruvananthapuram",G,SM,308,"DA:13306, DK:2696, NQ:22223, PD:25856, PT:4, XS:362",mbbs_lrank_final.pdf
2025,1,MBBS,TVM,"Govt. Medical College, Thiruvananthapuram",G,EZ,539,,mbbs_lrank_final.pdf
2025,1,MBBS,TVM,"Govt. Medical College, Thiruvananthapuram",G,MU,347,,mbbs_lrank_final.pdf
2025,1,MBBS,TVM,"Govt. Medical College, Thiruvananthapuram",G,LA,789,,mbbs_lrank_final.pdf
2025,1,MBBS,TVM,"Govt. Medical College, Thiruvananthapuram",G,DV,3297,,mbbs_lrank_final.pdf
2025,1,MBBS,TVM,"Govt. Medical College, Thiruvananthapuram",G,VK,760,,mbbs_lrank_final.pdf
2025,1,MBBS,TVM,"Govt. Medical College, Thiruvananthapuram",G,BH,589,,mbbs_lrank_final.pdf
2025,1,MBBS,TVM,"Govt. Medical College, Thiruvananthapuram",G,BX,502,,mbbs_lrank_final.pdf
2025,1,MBBS,TVM,"Govt. Medical College, Thiruvananthapuram",G,KN,4808,,mbbs_lrank_final.pdf
2025,1,MBBS,TVM,"Govt. Medical College, Thiruvananthapuram",G,KU,14155,,mbbs_lrank_final.pdf
2025,1,MBBS,TVM,"Govt. Medical College, Thiruvananthapuram",G,SC,5970,,mbbs_lrank_final.pdf
2025,1,MBBS,TVM,"Govt. Medical College, Thiruvananthapuram",G,ST,14855,,mbbs_lrank_final.pdf
2025,1,MBBS,TVM,"Govt. Medical College, Thiruvananthapuram",G,EW,1204,,mbbs_lrank_final.pdf
2025,1,MBBS,AAM,"Al Azhar Medical college, Thodupuzha",S,SM,8343,"AM:5939, MM:10338, NR:34791",mbbs_lrank_final.pdf
2025,1,MBBS,AAM,"Al Azhar Medical college, Thodupuzha",S,EZ,8755,,mbbs_lrank_final.pdf
2025,1,MBBS,AAM,"Al Azhar Medical college, Thodupuzha",S,MU,8907,,mbbs_lrank_final.pdf
2025,1,MBBS,AAM,"Al Azhar Medical college, Thodupuzha",S,LA,10190,,mbbs_lrank_final.pdf
2025,1,MBBS,AAM,"Al Azhar Medical college, Thodupuzha",S,DV,8353,,mbbs_lrank_final.pdf
2025,1,MBBS,AAM,"Al Azhar Medical college, Thodupuzha",S,VK,8946,,mbbs_lrank_final.pdf
2025,1,MBBS,AAM,"Al Azhar Medical college, Thodupuzha",S,BH,8378,,mbbs_lrank_final.pdf
2025,1,MBBS,AAM,"Al Azhar Medical college, Thodupuzha",S,BX,9174,,mbbs_lrank_final.pdf
2025,1,MBBS,AAM,"Al Azhar Medical college, Thodupuzha",S,KN,11377,,mbbs_lrank_final.pdf
2025,1,MBBS,AAM,"Al Azhar Medical college, Thodupuzha",S,KU,21977,,mbbs_lrank_final.pdf
2025,1,MBBS,AAM,"Al Azhar Medical college, Thodupuzha",S,SC,16993,,mbbs_lrank_final.pdf
2025,1,MBBS,AAM,"Al Azhar Medical college, Thodupuzha",S,ST,25833,,mbbs_lrank_final.pdf
2025,1,MBBS,AAM,"Al Azhar Medical college, Thodupuzha",S,EW,,,mbbs_lrank_final.pdf
2025,1,MBBS,AMC,"Amala Institute of Medical Sciences, Thrissur",S,SM,2197,"AC:4906, AM:1985, NC:15731, NR:12407",mbbs_lrank_final.pdf
2025,1,MBBS,AMC,"Amala Institute of Medical Sciences, Thrissur",S,EZ,2229,,mbbs_lrank_final.pdf
2025,1,MBBS,AMC,"Amala Institute of Medical Sciences, Thrissur",S,MU,2231,,mbbs_lrank_final.pdf
2025,1,MBBS,AMC,"Amala Institute of Medical Sciences, Thrissur",S,LA,,,mbbs_lrank_final.pdf
2025,1,MBBS,AMC,"Amala Institute of Medical Sciences, Thrissur",S,DV,6594,,mbbs_lrank_final.pdf
2025,1,MBBS,AMC,"Amala Institute of Medical Sciences, Thrissur",S,VK,2876,,mbbs_lrank_final.pdf
2025,1,MBBS,AMC,"Amala Institute of Medical Sciences, Thrissur",S,BH,,,mbbs_lrank_final.pdf
2025,1,MBBS,AMC,"Amala Institute of Medical Sciences, Thrissur",S,BX,,,mbbs_lrank_final.pdf
2025,1,MBBS,AMC,"Amala Institute of Medical Sciences, Thrissur",S,KN,,,mbbs_lrank_final.pdf
2025,1,MBBS,AMC,"Amala Institute of Medical Sciences, Thrissur",S,KU,,,mbbs_lrank_final.pdf
2025,1,MBBS,AMC,"Amala Institute of Medical Sciences, Thrissur",S,SC,11376,,mbbs_lrank_final.pdf
2025,1,MBBS,AMC,"Amala Institute of Medical Sciences, Thrissur",S,ST,,,mbbs_lrank_final.pdf
2025,1,MBBS,AMC,"Amala Institute of Medical Sciences, Thrissur",S,EW,,,mbbs_lrank_final.pdf
2025,1,MBBS,AZC,"Azeezia Institute of Medi Science, Meyyannoor, Kollam",S,SM,6522,"AM:5134, MM:9443, NM:33727, NR:28300",mbbs_lrank_final.pdf
2025,1,MBBS,AZC,"Azeezia Institute of Medi Science, Meyyannoor, Kollam",S,EZ,6932,,mbbs_lrank_final.pdf
2025,1,MBBS,AZC,"Azeezia Institute of Medi Science, Meyyannoor, Kollam",S,MU,7487,,mbbs_lrank_final.pdf
2025,1,MBBS,AZC,"Azeezia Institute of Medi Science, Meyyannoor, Kollam",S,LA,9740,,mbbs_lrank_final.pdf
2025,1,MBBS,AZC,"Azeezia Institute of Medi Science, Meyyannoor, Kollam",S,DV,,,mbbs_lrank_final.pdf
2025,1,MBBS,AZC,"Azeezia Institute of Medi Science, Meyyannoor, Kollam",S,VK,,,mbbs_lrank_final.pdf
2025,1,MBBS,AZC,"Azeezia Institute of Medi Science, Meyyannoor, Kollam",S,BH,6618,,mbbs_lrank_final.pdf
2025,1,MBBS,AZC,"Azeezia Institute of Medi Science, Meyyannoor, Kollam",S,BX,,,mbbs_lrank_final.pdf
2025,1,MBBS,AZC,"Azeezia Institute of Medi Science, Meyyannoor, Kollam",S,KN,,,mbbs_lrank_final.pdf
2025,1,MBBS,AZC,"Azeezia Institute of Medi Science, Meyyannoor, Kollam",S,KU,,,mbbs_lrank_final.pdf
2025,1,MBBS,AZC,"Azeezia Institute of Medi Science, Meyyannoor, Kollam",S,SC,16631,,mbbs_lrank_final.pdf
2025,1,MBBS,AZC,"Azeezia Institute of Medi Science, Meyyannoor, Kollam",S,ST,,,mbbs_lrank_final.pdf
2025,1,MBBS,AZC,"Azeezia Institute of Medi Science, Meyyannoor, Kollam",S,EW,,,mbbs_lrank_final.pdf
2025,1,MBBS,BCM,"Believers Church Medical College Hospital, Thiruvalla",S,SM,3083,"AC:7666, AM:2812, NC:21494, NR:15649",mbbs_lrank_final.pdf
2025,1,MBBS,BCM,"Believers Church Medical College Hospital, Thiruvalla",S,EZ,3128,,mbbs_lrank_final.pdf
2025,1,MBBS,BCM,"Believers Church Medical College Hospital, Thiruvalla",S,MU,3249,,mbbs_lrank_final.pdf
2025,1,MBBS,BCM,"Believers Church Medical College Hospital, Thiruvalla",S,LA,4179,,mbbs_lrank_final.pdf
2025,1,MBBS,BCM,"Believers Church Medical College Hospital, Thiruvalla",S,DV,,,mbbs_lrank_final.pdf
2025,1,MBBS,BCM,"Believers Church Medical College Hospital, Thiruvalla",S,VK,,,mbbs_lrank_final.pdf
2025,1,MBBS,BCM,"Believers Church Medical College Hospital, Thiruvalla",S,BH,3172,,mbbs_lrank_final.pdf
2025,1,MBBS,BCM,"Believers Church Medical College Hospital, Thiruvalla",S,BX,,,mbbs_lrank_final.pdf
2025,1,MBBS,BCM,"Believers Church Medical College Hospital, Thiruvalla",S,KN,,,mbbs_lrank_final.pdf
2025,1,MBBS,BCM,"Believers Church Medical College Hospital, Thiruvalla",S,KU,,,mbbs_lrank_final.pdf
2025,1,MBBS,BCM,"Believers Church Medical College Hospital, Thiruvalla",S,SC,14887,,mbbs_lrank_final.pdf
2025,1,MBBS,BCM,"Believers Church Medical College Hospital, Thiruvalla",S,ST,,,mbbs_lrank_final.pdf
2025,1,MBBS,BCM,"Believers Church Medical College Hospital, Thiruvalla",S,EW,,,mbbs_lrank_final.pdf
2025,1,MBBS,DMM,"Dr. Moopens Medical College, Meppadi, Wayanad",S,SM,7965,"AM:5309, NR:31439",mbbs_lrank_final.pdf
2025,1,MBBS,DMM,"Dr. Moopens Medical College, Meppadi, Wayanad",S,EZ,8713,,mbbs_lrank_final.pdf
2025,1,MBBS,DMM,"Dr. Moopens Medical College, Meppadi, Wayanad",S,MU,8146,,mbbs_lrank_final.pdf
2025,1,MBBS,DMM,"Dr. Moopens Medical College, Meppadi, Wayanad",S,LA,11051,,mbbs_lrank_final.pdf
2025,1,MBBS,DMM,"Dr. Moopens Medical College, Meppadi, Wayanad",S,DV,8640,,mbbs_lrank_final.pdf
2025,1,MBBS,DMM,"Dr. Moopens Medical College, Meppadi, Wayanad",S,VK,9638,,mbbs_lrank_final.pdf
2025,1,MBBS,DMM,"Dr. Moopens Medical College, Meppadi, Wayanad",S,BH,8324,,mbbs_lrank_final.pdf
2025,1,MBBS,DMM,"Dr. Moopens Medical College, Meppadi, Wayanad",S,BX,10113,,mbbs_lrank_final.pdf
2025,1,MBBS,DMM,"Dr. Moopens Medical College, Meppadi, Wayanad",S,KN,10759,,mbbs_lrank_final.pdf
2025,1,MBBS,DMM,"Dr. Moopens Medical College, Meppadi, Wayanad",S,KU,22213,,mbbs_lrank_final.pdf
2025,1,MBBS,DMM,"Dr. Moopens Medical College, Meppadi, Wayanad",S,SC,16822,,mbbs_lrank_final.pdf
2025,1,MBBS,DMM,"Dr. Moopens Medical College, Meppadi, Wayanad",S,ST,25110,,mbbs_lrank_final.pdf
2025,1,MBBS,DMM,"Dr. Moopens Medical College, Meppadi, Wayanad",S,EW,14601,,mbbs_lrank_final.pdf
2025,1,MBBS,EMC,"MES Medical College, Perinthalmanna, Malappuram",S,SM,2957,"AM:2768, MM:4314, NR:20933",mbbs_lrank_final.pdf
2025,1,MBBS,EMC,"MES Medical College, Perinthalmanna, Malappuram",S,EZ,3095,,mbbs_lrank_final.pdf
2025,1,MBBS,EMC,"MES Medical College, Perinthalmanna, Malappuram",S,MU,3112,,mbbs_lrank_final.pdf
2025,1,MBBS,EMC,"MES Medical College, Perinthalmanna, Malappuram",S,LA,7496,,mbbs_lrank_final.pdf
2025,1,MBBS,EMC,"MES Medical College, Perinthalmanna, Malappuram",S,DV,6635,,mbbs_lrank_final.pdf
2025,1,MBBS,EMC,"MES Medical College, Perinthalmanna, Malappuram",S,VK,4731,,mbbs_lrank_final.pdf
2025,1,MBBS,EMC,"MES Medical College, Perinthalmanna, Malappuram",S,BH,3155,,mbbs_lrank_final.pdf
2025,1,MBBS,EMC,"MES Medical College, Perinthalmanna, Malappuram",S,BX,,,mbbs_lrank_final.pdf
2025,1,MBBS,EMC,"MES Medical College, Perinthalmanna, Malappuram",S,KN,,,mbbs_lrank_final.pdf
2025,1,MBBS,EMC,"MES Medical College, Perinthalmanna, Malappuram",S,KU,,,mbbs_lrank_final.pdf
2025,1,MBBS,EMC,"MES Medical College, Perinthalmanna, Malappuram",S,SC,14556,,mbbs_lrank_final.pdf
2025,1,MBBS,EMC,"MES Medical College, Perinthalmanna, Malappuram",S,ST,25601,,mbbs_lrank_final.pdf
2025,1,MBBS,EMC,"MES Medical College, Perinthalmanna, Malappuram",S,EW,,,mbbs_lrank_final.pdf
2025,1,MBBS,GMC,"Sree Gokulam Medical College, Venjaramoodu, TVPM",S,SM,3579,"AM:2883, NR:20168",mbbs_lrank_final.pdf
2025,1,MBBS,GMC,"Sree Gokulam Medical College, Venjaramoodu, TVPM",S,EZ,3930,,mbbs_lrank_final.pdf
2025,1,MBBS,GMC,"Sree Gokulam Medical College, Venjaramoodu, TVPM",S,MU,4256,,mbbs_lrank_final.pdf
2025,1,MBBS,GMC,"Sree Gokulam Medical College, Venjaramoodu, TVPM",S,LA,7086,,mbbs_lrank_final.pdf
2025,1,MBBS,GMC,"Sree Gokulam Medical College, Venjaramoodu, TVPM",S,DV,7589,,mbbs_lrank_final.pdf
2025,1,MBBS,GMC,"Sree Gokulam Medical College, Venjaramoodu, TVPM",S,VK,5408,,mbbs_lrank_final.pdf
2025,1,MBBS,GMC,"Sree Gokulam Medical College, Venjaramoodu, TVPM",S,BH,3728,,mbbs_lrank_final.pdf
2025,1,MBBS,GMC,"Sree Gokulam Medical College, Venjaramoodu, TVPM",S,BX,3599,,mbbs_lrank_final.pdf
2025,1,MBBS,GMC,"Sree Gokulam Medical College, Venjaramoodu, TVPM",S,KN,8955,,mbbs_lrank_final.pdf
2025,1,MBBS,GMC,"Sree Gokulam Medical College, Venjaramoodu, TVPM",S,KU,16768,,mbbs_lrank_final.pdf
2025,1,MBBS,GMC,"Sree Gokulam Medical College, Venjaramoodu, TVPM",S,SC,14954,,mbbs_lrank_final.pdf
2025,1,MBBS,GMC,"Sree Gokulam Medical College, Venjaramoodu, TVPM",S,ST,26042,,mbbs_lrank_final.pdf
2025,1,MBBS,GMC,"Sree Gokulam Medical College, Venjaramoodu, TVPM",S,EW,7291,,mbbs_lrank_final.pdf
2025,1,MBBS,JMC,"Jubilee Mission Medical College, Thrisur",S,SM,1825,"AC:3676, AM:1597, NC:13510, NR:10384",mbbs_lrank_final.pdf
2025,1,MBBS,JMC,"Jubilee Mission Medical College, Thrisur",S,EZ,2006,,mbbs_lrank_final.pdf
2025,1,MBBS,JMC,"Jubilee Mission Medical College, Thrisur",S,MU,1838,,mbbs_lrank_final.pdf
2025,1,MBBS,JMC,"Jubilee Mission Medical College, Thrisur",S,LA,2953,,mbbs_lrank_final.pdf
2025,1,MBBS,JMC,"Jubilee Mission Medical College, Thrisur",S,DV,6088,,mbbs_lrank_final.pdf
2025,1,MBBS,JMC,"Jubilee Mission Medical College, Thrisur",S,VK,,,mbbs_lrank_final.pdf
2025,1,MBBS,JMC,"Jubilee Mission Medical College, Thrisur",S,BH,,,mbbs_lrank_final.pdf
2025,1,MBBS,JMC,"Jubilee Mission Medical College, Thrisur",S,BX,,,mbbs_lrank_final.pdf
2025,1,MBBS,JMC,"Jubilee Mission Medical College, Thrisur",S,KN,,,mbbs_lrank_final.pdf
2025,1,MBBS,JMC,"Jubilee Mission Medical College, Thrisur",S,KU,,,mbbs_lrank_final.pdf
2025,1,MBBS,JMC,"Jubilee Mission Medical College, Thrisur",S,SC,11855,,mbbs_lrank_final.pdf
2025,1,MBBS,JMC,"Jubilee Mission Medical College, Thrisur",S,ST,23192,,mbbs_lrank_final.pdf
2025,1,MBBS,JMC,"Jubilee Mission Medical College, Thrisur",S,EW,,,mbbs_lrank_final.pdf
2025,1,MBBS,KCM,"KMCT Medical College, Mukkom, Kozikkode",S,SM,5044,"AM:3959, MM:7193, NR:27477",mbbs_lrank_final.pdf
2025,1,MBBS,KCM,"KMCT Medical College, Mukkom, Kozikkode",S,EZ,5772,,mbbs_lrank_final.pdf
2025,1,MBBS,KCM,"KMCT Medical College, Mukkom, Kozikkode",S,MU,5184,,mbbs_lrank_final.pdf
2025,1,MBBS,KCM,"KMCT Medical College, Mukkom, Kozikkode",S,LA,9140,,mbbs_lrank_final.pdf
2025,1,MBBS,KCM,"KMCT Medical College, Mukkom, Kozikkode",S,DV,7728,,mbbs_lrank_final.pdf
2025,1,MBBS,KCM,"KMCT Medical College, Mukkom, Kozikkode",S,VK,6913,,mbbs_lrank_final.pdf
2025,1,MBBS,KCM,"KMCT Medical College, Mukkom, Kozikkode",S,BH,5525,,mbbs_lrank_final.pdf
2025,1,MBBS,KCM,"KMCT Medical College, Mukkom, Kozikkode",S,BX,6124,,mbbs_lrank_final.pdf
2025,1,MBBS,KCM,"KMCT Medical College, Mukkom, Kozikkode",S,KN,10147,,mbbs_lrank_final.pdf
2025,1,MBBS,KCM,"KMCT Medical College, Mukkom, Kozikkode",S,KU,20246,,mbbs_lrank_final.pdf
2025,1,MBBS,KCM,"KMCT Medical College, Mukkom, Kozikkode",S,SC,15624,,mbbs_lrank_final.pdf
2025,1,MBBS,KCM,"KMCT Medical College, Mukkom, Kozikkode",S,ST,24871,,mbbs_lrank_final.pdf
2025,1,MBBS,KCM,"KMCT Medical College, Mukkom, Kozikkode",S,EW,,,mbbs_lrank_final.pdf
2025,1,MBBS,KDM,"P K Das Institute of Medical Sciences, Ottapalam",S,SM,7757,"AM:5140, NR:31594",mbbs_lrank_final.pdf
2025,1,MBBS,KDM,"P K Das Institute of Medical Sciences, Ottapalam",S,EZ,8537,,mbbs_lrank_final.pdf
2025,1,MBBS,KDM,"P K Das Institute of Medical Sciences, Ottapalam",S,MU,8608,,mbbs_lrank_final.pdf
2025,1,MBBS,KDM,"P K Das Institute of Medical Sciences, Ottapalam",S,LA,10914,,mbbs_lrank_final.pdf
2025,1,MBBS,KDM,"P K Das Institute of Medical Sciences, Ottapalam",S,DV,8473,,mbbs_lrank_final.pdf
2025,1,MBBS,KDM,"P K Das Institute of Medical Sciences, Ottapalam",S,VK,10921,,mbbs_lrank_final.pdf
2025,1,MBBS,KDM,"P K Das Institute of Medical Sciences, Ottapalam",S,BH,8175,,mbbs_lrank_final.pdf
2025,1,MBBS,KDM,"P K Das Institute of Medical Sciences, Ottapalam",S,BX,10088,,mbbs_lrank_final.pdf
2025,1,MBBS,KDM,"P K Das Institute of Medical Sciences, Ottapalam",S,KN,11078,,mbbs_lrank_final.pdf
2025,1,MBBS,KDM,"P K Das Institute of Medical Sciences, Ottapalam",S,KU,24308,,mbbs_lrank_final.pdf
2025,1,MBBS,KDM,"P K Das Institute of Medical Sciences, Ottapalam",S,SC,17019,,mbbs_lrank_final.pdf
2025,1,MBBS,KDM,"P K Das Institute of Medical Sciences, Ottapalam",S,ST,28188,,mbbs_lrank_final.pdf
2025,1,MBBS,KDM,"P K Das Institute of Medical Sciences, Ottapalam",S,EW,15148,,mbbs_lrank_final.pdf
2025,1,MBBS,KMM,"Karuna Medical College, Vilayodi, Palakkad",S,SM,7437,"AM:4593, MM:9667, NR:33348",mbbs_lrank_final.pdf
2025,1,MBBS,KMM,"Karuna Medical College, Vilayodi, Palakkad",S,EZ,7874,,mbbs_lrank_final.pdf
2025,1,MBBS,KMM,"Karuna Medical College, Vilayodi, Palakkad",S,MU,7583,,mbbs_lrank_final.pdf
2025,1,MBBS,KMM,"Karuna Medical College, Vilayodi, Palakkad",S,LA,10651,,mbbs_lrank_final.pdf
2025,1,MBBS,KMM,"Karuna Medical College, Vilayodi, Palakkad",S,DV,,,mbbs_lrank_final.pdf
2025,1,MBBS,KMM,"Karuna Medical College, Vilayodi, Palakkad",S,VK,,,mbbs_lrank_final.pdf
2025,1,MBBS,KMM,"Karuna Medical College, Vilayodi, Palakkad",S,BH,7546,,mbbs_lrank_final.pdf
2025,1,MBBS,KMM,"Karuna Medical College, Vilayodi, Palakkad",S,BX,9825,,mbbs_lrank_final.pdf
2025,1,MBBS,KMM,"Karuna Medical College, Vilayodi, Palakkad",S,KN,11112,,mbbs_lrank_final.pdf
2025,1,MBBS,KMM,"Karuna Medical College, Vilayodi, Palakkad",S,KU,,,mbbs_lrank_final.pdf
2025,1,MBBS,KMM,"Karuna Medical College, Vilayodi, Palakkad",S,SC,15868,,mbbs_lrank_final.pdf
2025,1,MBBS,KMM,"Karuna Medical College, Vilayodi, Palakkad",S,ST,,,mbbs_lrank_final.pdf
2025,1,MBBS,KMM,"Karuna Medical College, Vilayodi, Palakkad",S,EW,,,mbbs_lrank_final.pdf
2025,1,MBBS,MMC,"Malankara Orthodox Syrian Church MediCollege, Kolenchery",S,SM,2525,"AC:5986, AM:2412, NC:17537, NR:13729",mbbs_lrank_final.pdf
2025,1,MBBS,MMC,"Malankara Orthodox Syrian Church MediCollege, Kolenchery",S,EZ,2738,,mbbs_lrank_final.pdf
2025,1,MBBS,MMC,"Malankara Orthodox Syrian Church MediCollege, Kolenchery",S,MU,2568,,mbbs_lrank_final.pdf
2025,1,MBBS,MMC,"Malankara Orthodox Syrian Church MediCollege, Kolenchery",S,LA,5237,,mbbs_lrank_final.pdf
2025,1,MBBS,MMC,"Malankara Orthodox Syrian Church MediCollege, Kolenchery",S,DV,,,mbbs_lrank_final.pdf
2025,1,MBBS,MMC,"Malankara Orthodox Syrian Church MediCollege, Kolenchery",S,VK,4485,,mbbs_lrank_final.pdf
2025,1,MBBS,MMC,"Malankara Orthodox Syrian Church MediCollege, Kolenchery",S,BH,,,mbbs_lrank_final.pdf
2025,1,MBBS,MMC,"Malankara Orthodox Syrian Church MediCollege, Kolenchery",S,BX,,,mbbs_lrank_final.pdf
2025,1,MBBS,MMC,"Malankara Orthodox Syrian Church MediCollege, Kolenchery",S,KN,,,mbbs_lrank_final.pdf
2025,1,MBBS,MMC,"Malankara Orthodox Syrian Church MediCollege, Kolenchery",S,KU,,,mbbs_lrank_final.pdf
2025,1,MBBS,MMC,"Malankara Orthodox Syrian Church MediCollege, Kolenchery",S,SC,13373,,mbbs_lrank_final.pdf
2025,1,MBBS,MMC,"Malankara Orthodox Syrian Church MediCollege, Kolenchery",S,ST,,,mbbs_lrank_final.pdf
2025,1,MBBS,MMC,"Malankara Orthodox Syrian Church MediCollege, Kolenchery",S,EW,,,mbbs_lrank_final.pdf
2025,1,MBBS,MMH,"Malabar Medical College Hospital, Kozhikkode",S,SM,5086,"AM:3447, NR:28378",mbbs_lrank_final.pdf
2025,1,MBBS,MMH,"Malabar Medical College Hospital, Kozhikkode",S,EZ,5833,,mbbs_lrank_final.pdf
2025,1,MBBS,MMH,"Malabar Medical College Hospital, Kozhikkode",S,MU,5716,,mbbs_lrank_final.pdf
2025,1,MBBS,MMH,"Malabar Medical College Hospital, Kozhikkode",S,LA,9788,,mbbs_lrank_final.pdf
2025,1,MBBS,MMH,"Malabar Medical College Hospital, Kozhikkode",S,DV,7450,,mbbs_lrank_final.pdf
2025,1,MBBS,MMH,"Malabar Medical College Hospital, Kozhikkode",S,VK,6585,,mbbs_lrank_final.pdf
2025,1,MBBS,MMH,"Malabar Medical College Hospital, Kozhikkode",S,BH,5284,,mbbs_lrank_final.pdf
2025,1,MBBS,MMH,"Malabar Medical College Hospital, Kozhikkode",S,BX,7104,,mbbs_lrank_final.pdf
2025,1,MBBS,MMH,"Malabar Medical College Hospital, Kozhikkode",S,KN,10280,,mbbs_lrank_final.pdf
2025,1,MBBS,MMH,"Malabar Medical College Hospital, Kozhikkode",S,KU,20405,,mbbs_lrank_final.pdf
2025,1,MBBS,MMH,"Malabar Medical College Hospital, Kozhikkode",S,SC,15760,,mbbs_lrank_final.pdf
2025,1,MBBS,MMH,"Malabar Medical College Hospital, Kozhikkode",S,ST,26274,,mbbs_lrank_final.pdf
2025,1,MBBS,MMH,"Malabar Medical College Hospital, Kozhikkode",S,EW,9427,,mbbs_lrank_final.pdf
2025,1,MBBS,MZM,"Mount Zion Medical College, Pathanamthitta",S,SM,7528,"AC:11227, AM:5639, NR:32923",mbbs_lrank_final.pdf
2025,1,MBBS,MZM,"Mount Zion Medical College, Pathanamthitta",S,EZ,7984,,mbbs_lrank_final.pdf
2025,1,MBBS,MZM,"Mount Zion Medical College, Pathanamthitta",S,MU,7815,,mbbs_lrank_final.pdf
2025,1,MBBS,MZM,"Mount Zion Medical College, Pathanamthitta",S,LA,8140,,mbbs_lrank_final.pdf
2025,1,MBBS,MZM,"Mount Zion Medical College, Pathanamthitta",S,DV,,,mbbs_lrank_final.pdf
2025,1,MBBS,MZM,"Mount Zion Medical College, Pathanamthitta",S,VK,,,mbbs_lrank_final.pdf
2025,1,MBBS,MZM,"Mount Zion Medical College, Pathanamthitta",S,BH,8279,,mbbs_lrank_final.pdf
2025,1,MBBS,MZM,"Mount Zion Medical College, Pathanamthitta",S,BX,9616,,mbbs_lrank_final.pdf
2025,1,MBBS,MZM,"Mount Zion Medical College, Pathanamthitta",S,KN,11407,,mbbs_lrank_final.pdf
2025,1,MBBS,MZM,"Mount Zion Medical College, Pathanamthitta",S,KU,22030,,mbbs_lrank_final.pdf
2025,1,MBBS,MZM,"Mount Zion Medical College, Pathanamthitta",S,SC,16880,,mbbs_lrank_final.pdf
2025,1,MBBS,MZM,"Mount Zion Medical College, Pathanamthitta",S,ST,,,mbbs_lrank_final.pdf
2025,1,MBBS,MZM,"Mount Zion Medical College, Pathanamthitta",S,EW,,,mbbs_lrank_final.pdf
2025,1,MBBS,PIM,"Palakkad Institute of Medical Sciences, Walayar",S,SM,8745,"AM:5879, NR:35067",mbbs_lrank_final.pdf
2025,1,MBBS,PIM,"Palakkad Institute of Medical Sciences, Walayar",S,EZ,8993,,mbbs_lrank_final.pdf
2025,1,MBBS,PIM,"Palakkad Institute of Medical Sciences, Walayar",S,MU,10172,,mbbs_lrank_final.pdf
2025,1,MBBS,PIM,"Palakkad Institute of Medical Sciences, Walayar",S,LA,11305,,mbbs_lrank_final.pdf
2025,1,MBBS,PIM,"Palakkad Institute of Medical Sciences, Walayar",S,DV,8940,,mbbs_lrank_final.pdf
2025,1,MBBS,PIM,"Palakkad Institute of Medical Sciences, Walayar",S,VK,11464,,mbbs_lrank_final.pdf
2025,1,MBBS,PIM,"Palakkad Institute of Medical Sciences, Walayar",S,BH,8796,,mbbs_lrank_final.pdf
2025,1,MBBS,PIM,"Palakkad Institute of Medical Sciences, Walayar",S,BX,9678,,mbbs_lrank_final.pdf
2025,1,MBBS,PIM,"Palakkad Institute of Medical Sciences, Walayar",S,KN,11425,,mbbs_lrank_final.pdf
2025,1,MBBS,PIM,"Palakkad Institute of Medical Sciences, Walayar",S,KU,22645,,mbbs_lrank_final.pdf
2025,1,MBBS,PIM,"Palakkad Institute of Medical Sciences, Walayar",S,SC,17080,,mbbs_lrank_final.pdf
2025,1,MBBS,PIM,"Palakkad Institute of Medical Sciences, Walayar",S,ST,28517,,mbbs_lrank_final.pdf
2025,1,MBBS,PIM,"Palakkad Institute of Medical Sciences, Walayar",S,EW,15464,,mbbs_lrank_final.pdf
2025,1,MBBS,PMC,"Pushpagiri Institute of Medical Science, Thiruvalla",S,SM,2695,"AC:6716, AM:2602, NC:21264, NR:15486",mbbs_lrank_final.pdf
2025,1,MBBS,PMC,"Pushpagiri Institute of Medical Science, Thiruvalla",S,EZ,2760,,mbbs_lrank_final.pdf
2025,1,MBBS,PMC,"Pushpagiri Institute of Medical Science, Thiruvalla",S,MU,2707,,mbbs_lrank_final.pdf
2025,1,MBBS,PMC,"Pushpagiri Institute of Medical Science, Thiruvalla",S,LA,,,mbbs_lrank_final.pdf
2025,1,MBBS,PMC,"Pushpagiri Institute of Medical Science, Thiruvalla",S,DV,,,mbbs_lrank_final.pdf
2025,1,MBBS,PMC,"Pushpagiri Institute of Medical Science, Thiruvalla",S,VK,4208,,mbbs_lrank_final.pdf
2025,1,MBBS,PMC,"Pushpagiri Institute of Medical Science, Thiruvalla",S,BH,2716,,mbbs_lrank_final.pdf
2025,1,MBBS,PMC,"Pushpagiri Institute of Medical Science, Thiruvalla",S,BX,,,mbbs_lrank_final.pdf
2025,1,MBBS,PMC,"Pushpagiri Institute of Medical Science, Thiruvalla",S,KN,,,mbbs_lrank_final.pdf
2025,1,MBBS,PMC,"Pushpagiri Institute of Medical Science, Thiruvalla",S,KU,,,mbbs_lrank_final.pdf
2025,1,MBBS,PMC,"Pushpagiri Institute of Medical Science, Thiruvalla",S,SC,13397,,mbbs_lrank_final.pdf
2025,1,MBBS,PMC,"Pushpagiri Institute of Medical Science, Thiruvalla",S,ST,24479,,mbbs_lrank_final.pdf
2025,1,MBBS,PMC,"Pushpagiri Institute of Medical Science, Thiruvalla",S,EW,,,mbbs_lrank_final.pdf
2025,1,MBBS,SIM,"Sree Narayana Institute of Medical Sciences, Chalakka, Ernakulam.",S,SM,6518,"AM:4907, NR:29653",mbbs_lrank_final.pdf
2025,1,MBBS,SIM,"Sree Narayana Institute of Medical Sciences, Chalakka, Ernakulam.",S,EZ,7092,,mbbs_lrank_final.pdf
2025,1,MBBS,SIM,"Sree Narayana Institute of Medical Sciences, Chalakka, Ernakulam.",S,MU,7989,,mbbs_lrank_final.pdf
2025,1,MBBS,SIM,"Sree Narayana Institute of Medical Sciences, Chalakka, Ernakulam.",S,LA,8869,,mbbs_lrank_final.pdf
2025,1,MBBS,SIM,"Sree Narayana Institute of Medical Sciences, Chalakka, Ernakulam.",S,DV,7730,,mbbs_lrank_final.pdf
2025,1,MBBS,SIM,"Sree Narayana Institute of Medical Sciences, Chalakka, Ernakulam.",S,VK,8694,,mbbs_lrank_final.pdf
2025,1,MBBS,SIM,"Sree Narayana Institute of Medical Sciences, Chalakka, Ernakulam.",S,BH,6615,,mbbs_lrank_final.pdf
2025,1,MBBS,SIM,"Sree Narayana Institute of Medical Sciences, Chalakka, Ernakulam.",S,BX,7578,,mbbs_lrank_final.pdf
2025,1,MBBS,SIM,"Sree Narayana Institute of Medical Sciences, Chalakka, Ernakulam.",S,KN,10957,,mbbs_lrank_final.pdf
2025,1,MBBS,SIM,"Sree Narayana Institute of Medical Sciences, Chalakka, Ernakulam.",S,KU,19018,,mbbs_lrank_final.pdf
2025,1,MBBS,SIM,"Sree Narayana Institute of Medical Sciences, Chalakka, Ernakulam.",S,SC,16904,,mbbs_lrank_final.pdf
2025,1,MBBS,SIM,"Sree Narayana Institute of Medical Sciences, Chalakka, Ernakulam.",S,ST,27801,,mbbs_lrank_final.pdf
2025,1,MBBS,SIM,"Sree Narayana Institute of Medical Sciences, Chalakka, Ernakulam.",S,EW,12232,,mbbs_lrank_final.pdf
2025,1,MBBS,SMC,"Dr. Somervell Memorial CSI Medical College, Karakonam",S,SM,5193,"AC:9482, AM:4091, NC:28699, NR:24800",mbbs_lrank_final.pdf
2025,1,MBBS,SMC,"Dr. Somervell Memorial CSI Medical College, Karakonam",S,EZ,5799,,mbbs_lrank_final.pdf
2025,1,MBBS,SMC,"Dr. Somervell Memorial CSI Medical College, Karakonam",S,MU,5488,,mbbs_lrank_final.pdf
2025,1,MBBS,SMC,"Dr. Somervell Memorial CSI Medical College, Karakonam",S,LA,7929,,mbbs_lrank_final.pdf
2025,1,MBBS,SMC,"Dr. Somervell Memorial CSI Medical College, Karakonam",S,DV,7547,,mbbs_lrank_final.pdf
2025,1,MBBS,SMC,"Dr. Somervell Memorial CSI Medical College, Karakonam",S,VK,,,mbbs_lrank_final.pdf
2025,1,MBBS,SMC,"Dr. Somervell Memorial CSI Medical College, Karakonam",S,BH,5350,,mbbs_lrank_final.pdf
2025,1,MBBS,SMC,"Dr. Somervell Memorial CSI Medical College, Karakonam",S,BX,,,mbbs_lrank_final.pdf
2025,1,MBBS,SMC,"Dr. Somervell Memorial CSI Medical College, Karakonam",S,KN,,,mbbs_lrank_final.pdf
2025,1,MBBS,SMC,"Dr. Somervell Memorial CSI Medical College, Karakonam",S,KU,20903,,mbbs_lrank_final.pdf
2025,1,MBBS,SMC,"Dr. Somervell Memorial CSI Medical College, Karakonam",S,SC,15969,,mbbs_lrank_final.pdf
2025,1,MBBS,SMC,"Dr. Somervell Memorial CSI Medical College, Karakonam",S,ST,26678,,mbbs_lrank_final.pdf
2025,1,MBBS,SMC,"Dr. Somervell Memorial CSI Medical College, Karakonam",S,EW,,,mbbs_lrank_final.pdf
2025,1,MBBS,SUC,"SUT Accademy of Medical Sciences, Thiruvananthapuram",S,SM,5843,"AM:3794, NR:29153",mbbs_lrank_final.pdf
2025,1,MBBS,SUC,"SUT Accademy of Medical Sciences, Thiruvananthapuram",S,EZ,6397,,mbbs_lrank_final.pdf
2025,1,MBBS,SUC,"SUT Accademy of Medical Sciences, Thiruvananthapuram",S,MU,7446,,mbbs_lrank_final.pdf
2025,1,MBBS,SUC,"SUT Accademy of Medical Sciences, Thiruvananthapuram",S,LA,9503,,mbbs_lrank_final.pdf
2025,1,MBBS,SUC,"SUT Accademy of Medical Sciences, Thiruvananthapuram",S,DV,8062,,mbbs_lrank_final.pdf
2025,1,MBBS,SUC,"SUT Accademy of Medical Sciences, Thiruvananthapuram",S,VK,7124,,mbbs_lrank_final.pdf
2025,1,MBBS,SUC,"SUT Accademy of Medical Sciences, Thiruvananthapuram",S,BH,6048,,mbbs_lrank_final.pdf
2025,1,MBBS,SUC,"SUT Accademy of Medical Sciences, Thiruvananthapuram",S,BX,6827,,mbbs_lrank_final.pdf
2025,1,MBBS,SUC,"SUT Accademy of Medical Sciences, Thiruvananthapuram",S,KN,10352,,mbbs_lrank_final.pdf
2025,1,MBBS,SUC,"SUT Accademy of Medical Sciences, Thiruvananthapuram",S,KU,20850,,mbbs_lrank_final.pdf
2025,1,MBBS,SUC,"SUT Accademy of Medical Sciences, Thiruvananthapuram",S,SC,16422,,mbbs_lrank_final.pdf
2025,1,MBBS,SUC,"SUT Accademy of Medical Sciences, Thiruvananthapuram",S,ST,27341,,mbbs_lrank_final.pdf
2025,1,MBBS,SUC,"SUT Accademy of Medical Sciences, Thiruvananthapuram",S,EW,10702,,mbbs_lrank_final.pdf
2025,1,MBBS,TRM,"Travancore Medical College, Umayanalloor, Kollam",S,SM,4434,"AM:4057, MM:7665, NM:25958, NR:22058",mbbs_lrank_final.pdf
2025,1,MBBS,TRM,"Travancore Medical College, Umayanalloor, Kollam",S,EZ,4511,,mbbs_lrank_final.pdf
2025,1,MBBS,TRM,"Travancore Medical College, Umayanalloor, Kollam",S,MU,4578,,mbbs_lrank_final.pdf
2025,1,MBBS,TRM,"Travancore Medical College, Umayanalloor, Kollam",S,LA,7308,,mbbs_lrank_final.pdf
2025,1,MBBS,TRM,"Travancore Medical College, Umayanalloor, Kollam",S,DV,7465,,mbbs_lrank_final.pdf
2025,1,MBBS,TRM,"Travancore Medical College, Umayanalloor, Kollam",S,VK,5483,,mbbs_lrank_final.pdf
2025,1,MBBS,TRM,"Travancore Medical College, Umayanalloor, Kollam",S,BH,4441,,mbbs_lrank_final.pdf
2025,1,MBBS,TRM,"Travancore Medical College, Umayanalloor, Kollam",S,BX,,,mbbs_lrank_final.pdf
2025,1,MBBS,TRM,"Travancore Medical College, Umayanalloor, Kollam",S,KN,,,mbbs_lrank_final.pdf
2025,1,MBBS,TRM,"Travancore Medical College, Umayanalloor, Kollam",S,KU,,,mbbs_lrank_final.pdf
2025,1,MBBS,TRM,"Travancore Medical College, Umayanalloor, Kollam",S,SC,15855,,mbbs_lrank_final.pdf
2025,1,MBBS,TRM,"Travancore Medical College, Umayanalloor, Kollam",S,ST,26187,,mbbs_lrank_final.pdf
2025,1,MBBS,TRM,"Travancore Medical College, Umayanalloor, Kollam",S,EW,,,mbbs_lrank_final.pdf
2025,1,MBBS,ALD,"Government Dental College, Alappuzha",G,SM,3473,"CC:7, XS:3660",mbbs_lrank_final.pdf
2025,1,MBBS,ALD,"Government Dental College, Alappuzha",G,EZ,3808,,mbbs_lrank_final.pdf
2025,1,MBBS,ALD,"Government Dental College, Alappuzha",G,MU,3678,,mbbs_lrank_final.pdf
2025,1,MBBS,ALD,"Government Dental College, Alappuzha",G,LA,5869,,mbbs_lrank_final.pdf
2025,1,MBBS,ALD,"Government Dental College, Alappuzha",G,DV,9418,,mbbs_lrank_final.pdf
2025,1,MBBS,ALD,"Government Dental College, Alappuzha",G,VK,3682,,mbbs_lrank_final.pdf
2025,1,MBBS,ALD,"Government Dental College, Alappuzha",G,BH,7799,,mbbs_lrank_final.pdf
2025,1,MBBS,ALD,"Government Dental College, Alappuzha",G,BX,,,mbbs_lrank_final.pdf
2025,1,MBBS,ALD,"Government Dental College, Alappuzha",G,KN,,,mbbs_lrank_final.pdf
2025,1,MBBS,ALD,"Government Dental College, Alappuzha",G,KU,,,mbbs_lrank_final.pdf
2025,1,MBBS,ALD,"Government Dental College, Alappuzha",G,SC,17740,,mbbs_lrank_final.pdf
2025,1,MBBS,ALD,"Government Dental College, Alappuzha",G,ST,31374,,mbbs_lrank_final.pdf
2025,1,MBBS,ALD,"Government Dental College, Alappuzha",G,EW,5451,,mbbs_lrank_final.pdf
2025,1,MBBS,KKD,"Govt. Dental College, Kozhikkode",G,SM,2555,"PI:8, SD:5244",mbbs_lrank_final.pdf
2025,1,MBBS,KKD,"Govt. Dental College, Kozhikkode",G,EZ,2776,,mbbs_lrank_final.pdf
2025,1,MBBS,KKD,"Govt. Dental College, Kozhikkode",G,MU,2590,,mbbs_lrank_final.pdf
2025,1,MBBS,KKD,"Govt. Dental College, Kozhikkode",G,LA,5287,,mbbs_lrank_final.pdf
2025,1,MBBS,KKD,"Govt. Dental College, Kozhikkode",G,DV,9137,,mbbs_lrank_final.pdf
2025,1,MBBS,KKD,"Govt. Dental College, Kozhikkode",G,VK,3016,,mbbs_lrank_final.pdf
2025,1,MBBS,KKD,"Govt. Dental College, Kozhikkode",G,BH,6306,,mbbs_lrank_final.pdf
2025,1,MBBS,KKD,"Govt. Dental College, Kozhikkode",G,BX,,,mbbs_lrank_final.pdf
2025,1,MBBS,KKD,"Govt. Dental College, Kozhikkode",G,KN,,,mbbs_lrank_final.pdf
2025,1,MBBS,KKD,"Govt. Dental College, Kozhikkode",G,KU,,,mbbs_lrank_final.pdf
2025,1,MBBS,KKD,"Govt. Dental College, Kozhikkode",G,SC,15487,,mbbs_lrank_final.pdf
2025,1,MBBS,KKD,"Govt. Dental College, Kozhikkode",G,ST,29490,,mbbs_lrank_final.pdf
2025,1,MBBS,KKD,"Govt. Dental College, Kozhikkode",G,EW,4252,,mbbs_lrank_final.pdf
2025,1,MBBS,KND,"Government Dental College, Kannur",G,SM,3461,,mbbs_lrank_final.pdf
2025,1,MBBS,KND,"Government Dental College, Kannur",G,EZ,4828,,mbbs_lrank_final.pdf
2025,1,MBBS,KND,"Government Dental College, Kannur",G,MU,3702,,mbbs_lrank_final.pdf
2025,1,MBBS,KND,"Government Dental College, Kannur",G,LA,9527,,mbbs_lrank_final.pdf
2025,1,MBBS,KND,"Government Dental College, Kannur",G,DV,11139,,mbbs_lrank_final.pdf
2025,1,MBBS,KND,"Government Dental College, Kannur",G,VK,3929,,mbbs_lrank_final.pdf
2025,1,MBBS,KND,"Government Dental College, Kannur",G,BH,8016,,mbbs_lrank_final.pdf
2025,1,MBBS,KND,"Government Dental College, Kannur",G,BX,6220,,mbbs_lrank_final.pdf
2025,1,MBBS,KND,"Government Dental College, Kannur",G,KN,14937,,mbbs_lrank_final.pdf
2025,1,MBBS,KND,"Government Dental College, Kannur",G,KU,25543,,mbbs_lrank_final.pdf
2025,1,MBBS,KND,"Government Dental College, Kannur",G,SC,17951,,mbbs_lrank_final.pdf
2025,1,MBBS,KND,"Government Dental College, Kannur",G,ST,31731,,mbbs_lrank_final.pdf
2025,1,MBBS,KND,"Government Dental College, Kannur",G,EW,6230,,mbbs_lrank_final.pdf
2025,1,MBBS,KTD,"Govt. Dental College, Kottayam",G,SM,3399,,mbbs_lrank_final.pdf
2025,1,MBBS,KTD,"Govt. Dental College, Kottayam",G,EZ,3733,,mbbs_lrank_final.pdf
2025,1,MBBS,KTD,"Govt. Dental College, Kottayam",G,MU,3418,,mbbs_lrank_final.pdf
2025,1,MBBS,KTD,"Govt. Dental College, Kottayam",G,LA,5552,,mbbs_lrank_final.pdf
2025,1,MBBS,KTD,"Govt. Dental College, Kottayam",G,DV,,,mbbs_lrank_final.pdf
2025,1,MBBS,KTD,"Govt. Dental College, Kottayam",G,VK,,,mbbs_lrank_final.pdf
2025,1,MBBS,KTD,"Govt. Dental College, Kottayam",G,BH,6238,,mbbs_lrank_final.pdf
2025,1,MBBS,KTD,"Govt. Dental College, Kottayam",G,BX,6126,,mbbs_lrank_final.pdf
2025,1,MBBS,KTD,"Govt. Dental College, Kottayam",G,KN,13922,,mbbs_lrank_final.pdf
2025,1,MBBS,KTD,"Govt. Dental College, Kottayam",G,KU,23890,,mbbs_lrank_final.pdf
2025,1,MBBS,KTD,"Govt. Dental College, Kottayam",G,SC,17353,,mbbs_lrank_final.pdf
2025,1,MBBS,KTD,"Govt. Dental College, Kottayam",G,ST,,,mbbs_lrank_final.pdf
2025,1,MBBS,KTD,"Govt. Dental College, Kottayam",G,EW,4486,,mbbs_lrank_final.pdf
2025,1,MBBS,TCD,"Govt. Dental College, Thrissur",G,SM,3237,,mbbs_lrank_final.pdf
2025,1,MBBS,TCD,"Govt. Dental College, Thrissur",G,EZ,3517,,mbbs_lrank_final.pdf
2025,1,MBBS,TCD,"Govt. Dental College, Thrissur",G,MU,3303,,mbbs_lrank_final.pdf
2025,1,MBBS,TCD,"Govt. Dental College, Thrissur",G,LA,9079,,mbbs_lrank_final.pdf
2025,1,MBBS,TCD,"Govt. Dental College, Thrissur",G,DV,10773,,mbbs_lrank_final.pdf
2025,1,MBBS,TCD,"Govt. Dental College, Thrissur",G,VK,3295,,mbbs_lrank_final.pdf
2025,1,MBBS,TCD,"Govt. Dental College, Thrissur",G,BH,7764,,mbbs_lrank_final.pdf
2025,1,MBBS,TCD,"Govt. Dental College, Thrissur",G,BX,,,mbbs_lrank_final.pdf
2025,1,MBBS,TCD,"Govt. Dental College, Thrissur",G,KN,,,mbbs_lrank_final.pdf
2025,1,MBBS,TCD,"Govt. Dental College, Thrissur",G,KU,,,mbbs_lrank_final.pdf
2025,1,MBBS,TCD,"Govt. Dental College, Thrissur",G,SC,17209,,mbbs_lrank_final.pdf
2025,1,MBBS,TCD,"Govt. Dental College, Thrissur",G,ST,29616,,mbbs_lrank_final.pdf
2025,1,MBBS,TCD,"Govt. Dental College, Thrissur",G,EW,5372,,mbbs_lrank_final.pdf
2025,1,MBBS,TVD,"Govt. Dental College, Thiruvananthapuram",G,SM,2897,PT:8,mbbs_lrank_final.pdf
2025,1,MBBS,TVD,"Govt. Dental College, Thiruvananthapuram",G,EZ,3241,,mbbs_lrank_final.pdf
2025,1,MBBS,TVD,"Govt. Dental College, Thiruvananthapuram",G,MU,3009,,mbbs_lrank_final.pdf
2025,1,MBBS,TVD,"Govt. Dental College, Thiruvananthapuram",G,LA,5662,,mbbs_lrank_final.pdf
2025,1,MBBS,TVD,"Govt. Dental College, Thiruvananthapuram",G,DV,8613,,mbbs_lrank_final.pdf
2025,1,MBBS,TVD,"Govt. Dental College, Thiruvananthapuram",G,VK,3242,,mbbs_lrank_final.pdf
2025,1,MBBS,TVD,"Govt. Dental College, Thiruvananthapuram",G,BH,6949,,mbbs_lrank_final.pdf
2025,1,MBBS,TVD,"Govt. Dental College, Thiruvananthapuram",G,BX,,,mbbs_lrank_final.pdf
2025,1,MBBS,TVD,"Govt. Dental College, Thiruvananthapuram",G,KN,,,mbbs_lrank_final.pdf
2025,1,MBBS,TVD,"Govt. Dental College, Thiruvananthapuram",G,KU,,,mbbs_lrank_final.pdf
2025,1,MBBS,TVD,"Govt. Dental College, Thiruvananthapuram",G,SC,17221,,mbbs_lrank_final.pdf
2025,1,MBBS,TVD,"Govt. Dental College, Thiruvananthapuram",G,ST,31053,,mbbs_lrank_final.pdf
2025,1,MBBS,TVD,"Govt. Dental College, Thiruvananthapuram",G,EW,3952,,mbbs_lrank_final.pdf
2025,1,MBBS,AAD,"Al Azhar Dental College, Thodupuzha",S,SM,17968,NR:44017,mbbs_lrank_final.pdf
2025,1,MBBS,AAD,"Al Azhar Dental College, Thodupuzha",S,EZ,21124,,mbbs_lrank_final.pdf
2025,1,MBBS,AAD,"Al Azhar Dental College, Thodupuzha",S,MU,21081,,mbbs_lrank_final.pdf
2025,1,MBBS,AAD,"Al Azhar Dental College, Thodupuzha",S,LA,22573,,mbbs_lrank_final.pdf
2025,1,MBBS,AAD,"Al Azhar Dental College, Thodupuzha",S,DV,22351,,mbbs_lrank_final.pdf
2025,1,MBBS,AAD,"Al Azhar Dental College, Thodupuzha",S,VK,24802,,mbbs_lrank_final.pdf
2025,1,MBBS,AAD,"Al Azhar Dental College, Thodupuzha",S,BH,19696,,mbbs_lrank_final.pdf
2025,1,MBBS,AAD,"Al Azhar Dental College, Thodupuzha",S,BX,20020,,mbbs_lrank_final.pdf
2025,1,MBBS,AAD,"Al Azhar Dental College, Thodupuzha",S,KN,23863,,mbbs_lrank_final.pdf
2025,1,MBBS,AAD,"Al Azhar Dental College, Thodupuzha",S,KU,33012,,mbbs_lrank_final.pdf
2025,1,MBBS,AAD,"Al Azhar Dental College, Thodupuzha",S,SC,21983,,mbbs_lrank_final.pdf
2025,1,MBBS,AAD,"Al Azhar Dental College, Thodupuzha",S,ST,32567,,mbbs_lrank_final.pdf
2025,1,MBBS,AAD,"Al Azhar Dental College, Thodupuzha",S,EW,42370,,mbbs_lrank_final.pdf
2025,1,MBBS,ADC,"Annoor Dental College, Puthuppady, Muvattupuzha",S,SM,15495,"MM:17905, NR:44825",mbbs_lrank_final.pdf
2025,1,MBBS,ADC,"Annoor Dental College, Puthuppady, Muvattupuzha",S,EZ,18708,,mbbs_lrank_final.pdf
2025,1,MBBS,ADC,"Annoor Dental College, Puthuppady, Muvattupuzha",S,MU,16502,,mbbs_lrank_final.pdf
2025,1,MBBS,ADC,"Annoor Dental College, Puthuppady, Muvattupuzha",S,LA,16520,,mbbs_lrank_final.pdf
2025,1,MBBS,ADC,"Annoor Dental College, Puthuppady, Muvattupuzha",S,DV,16477,,mbbs_lrank_final.pdf
2025,1,MBBS,ADC,"Annoor Dental College, Puthuppady, Muvattupuzha",S,VK,16922,,mbbs_lrank_final.pdf
2025,1,MBBS,ADC,"Annoor Dental College, Puthuppady, Muvattupuzha",S,BH,15690,,mbbs_lrank_final.pdf
2025,1,MBBS,ADC,"Annoor Dental College, Puthuppady, Muvattupuzha",S,BX,,,mbbs_lrank_final.pdf
2025,1,MBBS,ADC,"Annoor Dental College, Puthuppady, Muvattupuzha",S,KN,22638,,mbbs_lrank_final.pdf
2025,1,MBBS,ADC,"Annoor Dental College, Puthuppady, Muvattupuzha",S,KU,,,mbbs_lrank_final.pdf
2025,1,MBBS,ADC,"Annoor Dental College, Puthuppady, Muvattupuzha",S,SC,18920,,mbbs_lrank_final.pdf
2025,1,MBBS,ADC,"Annoor Dental College, Puthuppady, Muvattupuzha",S,ST,35448,,mbbs_lrank_final.pdf
2025,1,MBBS,ADC,"Annoor Dental College, Puthuppady, Muvattupuzha",S,EW,37442,,mbbs_lrank_final.pdf
2025,1,MBBS,AID,"Sree Anjaneya Institue of Dental Scinces, Atholi, Kozhikode",S,SM,22722,,mbbs_lrank_final.pdf
2025,1,MBBS,AID,"Sree Anjaneya Institue of Dental Scinces, Atholi, Kozhikode",S,EZ,28938,,mbbs_lrank_final.pdf
2025,1,MBBS,AID,"Sree Anjaneya Institue of Dental Scinces, Atholi, Kozhikode",S,MU,24546,,mbbs_lrank_final.pdf
2025,1,MBBS,AID,"Sree Anjaneya Institue of Dental Scinces, Atholi, Kozhikode",S,LA,28293,,mbbs_lrank_final.pdf
2025,1,MBBS,AID,"Sree Anjaneya Institue of Dental Scinces, Atholi, Kozhikode",S,DV,24209,,mbbs_lrank_final.pdf
2025,1,MBBS,AID,"Sree Anjaneya Institue of Dental Scinces, Atholi, Kozhikode",S,VK,28882,,mbbs_lrank_final.pdf
2025,1,MBBS,AID,"Sree Anjaneya Institue of Dental Scinces, Atholi, Kozhikode",S,BH,24453,,mbbs_lrank_final.pdf
2025,1,MBBS,AID,"Sree Anjaneya Institue of Dental Scinces, Atholi, Kozhikode",S,BX,24220,,mbbs_lrank_final.pdf
2025,1,MBBS,AID,"Sree Anjaneya Institue of Dental Scinces, Atholi, Kozhikode",S,KN,23897,,mbbs_lrank_final.pdf
2025,1,MBBS,AID,"Sree Anjaneya Institue of Dental Scinces, Atholi, Kozhikode",S,KU,37360,,mbbs_lrank_final.pdf
2025,1,MBBS,AID,"Sree Anjaneya Institue of Dental Scinces, Atholi, Kozhikode",S,SC,25133,,mbbs_lrank_final.pdf
2025,1,MBBS,AID,"Sree Anjaneya Institue of Dental Scinces, Atholi, Kozhikode",S,ST,40133,,mbbs_lrank_final.pdf
2025,1,MBBS,AID,"Sree Anjaneya Institue of Dental Scinces, Atholi, Kozhikode",S,EW,32920,,mbbs_lrank_final.pdf
2025,1,MBBS,AZD,"Azeezia College of Dental Science, Meyyannoor, Kollam",S,SM,19249,"MM:25458, NR:44350",mbbs_lrank_final.pdf
2025,1,MBBS,AZD,"Azeezia College of Dental Science, Meyyannoor, Kollam",S,EZ,21834,,mbbs_lrank_final.pdf
2025,1,MBBS,AZD,"Azeezia College of Dental Science, Meyyannoor, Kollam",S,MU,21532,,mbbs_lrank_final.pdf
2025,1,MBBS,AZD,"Azeezia College of Dental Science, Meyyannoor, Kollam",S,LA,22603,,mbbs_lrank_final.pdf
2025,1,MBBS,AZD,"Azeezia College of Dental Science, Meyyannoor, Kollam",S,DV,23383,,mbbs_lrank_final.pdf
2025,1,MBBS,AZD,"Azeezia College of Dental Science, Meyyannoor, Kollam",S,VK,22377,,mbbs_lrank_final.pdf
2025,1,MBBS,AZD,"Azeezia College of Dental Science, Meyyannoor, Kollam",S,BH,21928,,mbbs_lrank_final.pdf
2025,1,MBBS,AZD,"Azeezia College of Dental Science, Meyyannoor, Kollam",S,BX,,,mbbs_lrank_final.pdf
2025,1,MBBS,AZD,"Azeezia College of Dental Science, Meyyannoor, Kollam",S,KN,26919,,mbbs_lrank_final.pdf
2025,1,MBBS,AZD,"Azeezia College of Dental Science, Meyyannoor, Kollam",S,KU,27474,,mbbs_lrank_final.pdf
2025,1,MBBS,AZD,"Azeezia College of Dental Science, Meyyannoor, Kollam",S,SC,21982,,mbbs_lrank_final.pdf
2025,1,MBBS,AZD,"Azeezia College of Dental Science, Meyyannoor, Kollam",S,ST,38057,,mbbs_lrank_final.pdf
2025,1,MBBS,AZD,"Azeezia College of Dental Science, Meyyannoor, Kollam",S,EW,42273,,mbbs_lrank_final.pdf
2025,1,MBBS,EID,"Educare Institute of Dental Sciences, Malappuram",S,SM,22003,MM:26763,mbbs_lrank_final.pdf
2025,1,MBBS,EID,"Educare Institute of Dental Sciences, Malappuram",S,EZ,27104,,mbbs_lrank_final.pdf
2025,1,MBBS,EID,"Educare Institute of Dental Sciences, Malappuram",S,MU,22959,,mbbs_lrank_final.pdf
2025,1,MBBS,EID,"Educare Institute of Dental Sciences, Malappuram",S,LA,27966,,mbbs_lrank_final.pdf
2025,1,MBBS,EID,"Educare Institute of Dental Sciences, Malappuram",S,DV,25008,,mbbs_lrank_final.pdf
2025,1,MBBS,EID,"Educare Institute of Dental Sciences, Malappuram",S,VK,27131,,mbbs_lrank_final.pdf
2025,1,MBBS,EID,"Educare Institute of Dental Sciences, Malappuram",S,BH,23644,,mbbs_lrank_final.pdf
2025,1,MBBS,EID,"Educare Institute of Dental Sciences, Malappuram",S,BX,24961,,mbbs_lrank_final.pdf
2025,1,MBBS,EID,"Educare Institute of Dental Sciences, Malappuram",S,KN,25507,,mbbs_lrank_final.pdf
2025,1,MBBS,EID,"Educare Institute of Dental Sciences, Malappuram",S,KU,37966,,mbbs_lrank_final.pdf
2025,1,MBBS,EID,"Educare Institute of Dental Sciences, Malappuram",S,SC,24738,,mbbs_lrank_final.pdf
2025,1,MBBS,EID,"Educare Institute of Dental Sciences, Malappuram",S,ST,40358,,mbbs_lrank_final.pdf
2025,1,MBBS,EID,"Educare Institute of Dental Sciences, Malappuram",S,EW,31012,,mbbs_lrank_final.pdf
2025,1,MBBS,IGD,"Indira Gandhi Institute of Dental Sciences, Kothamangalam",S,SM,21150,NR:42359,mbbs_lrank_final.pdf
2025,1,MBBS,IGD,"Indira Gandhi Institute of Dental Sciences, Kothamangalam",S,EZ,24161,,mbbs_lrank_final.pdf
2025,1,MBBS,IGD,"Indira Gandhi Institute of Dental Sciences, Kothamangalam",S,MU,23271,,mbbs_lrank_final.pdf
2025,1,MBBS,IGD,"Indira Gandhi Institute of Dental Sciences, Kothamangalam",S,LA,25574,,mbbs_lrank_final.pdf
2025,1,MBBS,IGD,"Indira Gandhi Institute of Dental Sciences, Kothamangalam",S,DV,22992,,mbbs_lrank_final.pdf
2025,1,MBBS,IGD,"Indira Gandhi Institute of Dental Sciences, Kothamangalam",S,VK,25814,,mbbs_lrank_final.pdf
2025,1,MBBS,IGD,"Indira Gandhi Institute of Dental Sciences, Kothamangalam",S,BH,23309,,mbbs_lrank_final.pdf
2025,1,MBBS,IGD,"Indira Gandhi Institute of Dental Sciences, Kothamangalam",S,BX,22969,,mbbs_lrank_final.pdf
2025,1,MBBS,IGD,"Indira Gandhi Institute of Dental Sciences, Kothamangalam",S,KN,24246,,mbbs_lrank_final.pdf
2025,1,MBBS,IGD,"Indira Gandhi Institute of Dental Sciences, Kothamangalam",S,KU,26530,,mbbs_lrank_final.pdf
2025,1,MBBS,IGD,"Indira Gandhi Institute of Dental Sciences, Kothamangalam",S,SC,23839,,mbbs_lrank_final.pdf
2025,1,MBBS,IGD,"Indira Gandhi Institute of Dental Sciences, Kothamangalam",S,ST,36474,,mbbs_lrank_final.pdf
2025,1,MBBS,IGD,"Indira Gandhi Institute of Dental Sciences, Kothamangalam",S,EW,,,mbbs_lrank_final.pdf
2025,1,MBBS,KAD,"Kannur Dental College, Anjarakandy, Kannur",S,SM,25032,MM:31174,mbbs_lrank_final.pdf
2025,1,MBBS,KAD,"Kannur Dental College, Anjarakandy, Kannur",S,EZ,31113,,mbbs_lrank_final.pdf
2025,1,MBBS,KAD,"Kannur Dental College, Anjarakandy, Kannur",S,MU,27319,,mbbs_lrank_final.pdf
2025,1,MBBS,KAD,"Kannur Dental College, Anjarakandy, Kannur",S,LA,28740,,mbbs_lrank_final.pdf
2025,1,MBBS,KAD,"Kannur Dental College, Anjarakandy, Kannur",S,DV,26402,,mbbs_lrank_final.pdf
2025,1,MBBS,KAD,"Kannur Dental College, Anjarakandy, Kannur",S,VK,29429,,mbbs_lrank_final.pdf
2025,1,MBBS,KAD,"Kannur Dental College, Anjarakandy, Kannur",S,BH,25371,,mbbs_lrank_final.pdf
2025,1,MBBS,KAD,"Kannur Dental College, Anjarakandy, Kannur",S,BX,25269,,mbbs_lrank_final.pdf
2025,1,MBBS,KAD,"Kannur Dental College, Anjarakandy, Kannur",S,KN,26397,,mbbs_lrank_final.pdf
2025,1,MBBS,KAD,"Kannur Dental College, Anjarakandy, Kannur",S,KU,32656,,mbbs_lrank_final.pdf
2025,1,MBBS,KAD,"Kannur Dental College, Anjarakandy, Kannur",S,SC,25695,,mbbs_lrank_final.pdf
2025,1,MBBS,KAD,"Kannur Dental College, Anjarakandy, Kannur",S,ST,43449,,mbbs_lrank_final.pdf
2025,1,MBBS,KAD,"Kannur Dental College, Anjarakandy, Kannur",S,EW,,,mbbs_lrank_final.pdf
2025,1,MBBS,KMD,"KMCT Dental College, Mambatta, Mukkam, Kozhikode",S,SM,13281,,mbbs_lrank_final.pdf
2025,1,MBBS,KMD,"KMCT Dental College, Mambatta, Mukkam, Kozhikode",S,EZ,16296,,mbbs_lrank_final.pdf
2025,1,MBBS,KMD,"KMCT Dental College, Mambatta, Mukkam, Kozhikode",S,MU,13784,,mbbs_lrank_final.pdf
2025,1,MBBS,KMD,"KMCT Dental College, Mambatta, Mukkam, Kozhikode",S,LA,20350,,mbbs_lrank_final.pdf
2025,1,MBBS,KMD,"KMCT Dental College, Mambatta, Mukkam, Kozhikode",S,DV,18165,,mbbs_lrank_final.pdf
2025,1,MBBS,KMD,"KMCT Dental College, Mambatta, Mukkam, Kozhikode",S,VK,14849,,mbbs_lrank_final.pdf
2025,1,MBBS,KMD,"KMCT Dental College, Mambatta, Mukkam, Kozhikode",S,BH,13845,,mbbs_lrank_final.pdf
2025,1,MBBS,KMD,"KMCT Dental College, Mambatta, Mukkam, Kozhikode",S,BX,19288,,mbbs_lrank_final.pdf
2025,1,MBBS,KMD,"KMCT Dental College, Mambatta, Mukkam, Kozhikode",S,KN,19685,,mbbs_lrank_final.pdf
2025,1,MBBS,KMD,"KMCT Dental College, Mambatta, Mukkam, Kozhikode",S,KU,30503,,mbbs_lrank_final.pdf
2025,1,MBBS,KMD,"KMCT Dental College, Mambatta, Mukkam, Kozhikode",S,SC,20948,,mbbs_lrank_final.pdf
2025,1,MBBS,KMD,"KMCT Dental College, Mambatta, Mukkam, Kozhikode",S,ST,34125,,mbbs_lrank_final.pdf
2025,1,MBBS,KMD,"KMCT Dental College, Mambatta, Mukkam, Kozhikode",S,EW,31251,,mbbs_lrank_final.pdf
2025,1,MBBS,MBD,"Mar Baselious Dental College, Kothamangalam",S,SM,11530,"AC:16163, NR:36490",mbbs_lrank_final.pdf
2025,1,MBBS,MBD,"Mar Baselious Dental College, Kothamangalam",S,EZ,12794,,mbbs_lrank_final.pdf
2025,1,MBBS,MBD,"Mar Baselious Dental College, Kothamangalam",S,MU,13769,,mbbs_lrank_final.pdf
2025,1,MBBS,MBD,"Mar Baselious Dental College, Kothamangalam",S,LA,14734,,mbbs_lrank_final.pdf
2025,1,MBBS,MBD,"Mar Baselious Dental College, Kothamangalam",S,DV,11757,,mbbs_lrank_final.pdf
2025,1,MBBS,MBD,"Mar Baselious Dental College, Kothamangalam",S,VK,12366,,mbbs_lrank_final.pdf
2025,1,MBBS,MBD,"Mar Baselious Dental College, Kothamangalam",S,BH,13382,,mbbs_lrank_final.pdf
2025,1,MBBS,MBD,"Mar Baselious Dental College, Kothamangalam",S,BX,14512,,mbbs_lrank_final.pdf
2025,1,MBBS,MBD,"Mar Baselious Dental College, Kothamangalam",S,KN,,,mbbs_lrank_final.pdf
2025,1,MBBS,MBD,"Mar Baselious Dental College, Kothamangalam",S,KU,,,mbbs_lrank_final.pdf
2025,1,MBBS,MBD,"Mar Baselious Dental College, Kothamangalam",S,SC,19471,,mbbs_lrank_final.pdf
2025,1,MBBS,MBD,"Mar Baselious Dental College, Kothamangalam",S,ST,34011,,mbbs_lrank_final.pdf
2025,1,MBBS,MBD,"Mar Baselious Dental College, Kothamangalam",S,EW,18094,,mbbs_lrank_final.pdf
2025,1,MBBS,MED,"MES Dental College, Perinthalmanna",S,SM,15226,,mbbs_lrank_final.pdf
2025,1,MBBS,MED,"MES Dental College, Perinthalmanna",S,EZ,19951,,mbbs_lrank_final.pdf
2025,1,MBBS,MED,"MES Dental College, Perinthalmanna",S,MU,16487,,mbbs_lrank_final.pdf
2025,1,MBBS,MED,"MES Dental College, Perinthalmanna",S,LA,24102,,mbbs_lrank_final.pdf
2025,1,MBBS,MED,"MES Dental College, Perinthalmanna",S,DV,18913,,mbbs_lrank_final.pdf
2025,1,MBBS,MED,"MES Dental College, Perinthalmanna",S,VK,19226,,mbbs_lrank_final.pdf
2025,1,MBBS,MED,"MES Dental College, Perinthalmanna",S,BH,16700,,mbbs_lrank_final.pdf
2025,1,MBBS,MED,"MES Dental College, Perinthalmanna",S,BX,20887,,mbbs_lrank_final.pdf
2025,1,MBBS,MED,"MES Dental College, Perinthalmanna",S,KN,22261,,mbbs_lrank_final.pdf
2025,1,MBBS,MED,"MES Dental College, Perinthalmanna",S,KU,30822,,mbbs_lrank_final.pdf
2025,1,MBBS,MED,"MES Dental College, Perinthalmanna",S,SC,22789,,mbbs_lrank_final.pdf
2025,1,MBBS,MED,"MES Dental College, Perinthalmanna",S,ST,39276,,mbbs_lrank_final.pdf
2025,1,MBBS,MED,"MES Dental College, Perinthalmanna",S,EW,41385,,mbbs_lrank_final.pdf
2025,1,MBBS,MLD,"Malabar Dental College, Edappal",S,SM,21839,,mbbs_lrank_final.pdf
2025,1,MBBS,MLD,"Malabar Dental College, Edappal",S,EZ,26878,,mbbs_lrank_final.pdf
2025,1,MBBS,MLD,"Malabar Dental College, Edappal",S,MU,23929,,mbbs_lrank_final.pdf
2025,1,MBBS,MLD,"Malabar Dental College, Edappal",S,LA,27462,,mbbs_lrank_final.pdf
2025,1,MBBS,MLD,"Malabar Dental College, Edappal",S,DV,24594,,mbbs_lrank_final.pdf
2025,1,MBBS,MLD,"Malabar Dental College, Edappal",S,VK,26320,,mbbs_lrank_final.pdf
2025,1,MBBS,MLD,"Malabar Dental College, Edappal",S,BH,23227,,mbbs_lrank_final.pdf
2025,1,MBBS,MLD,"Malabar Dental College, Edappal",S,BX,23543,,mbbs_lrank_final.pdf
2025,1,MBBS,MLD,"Malabar Dental College, Edappal",S,KN,22336,,mbbs_lrank_final.pdf
2025,1,MBBS,MLD,"Malabar Dental College, Edappal",S,KU,27698,,mbbs_lrank_final.pdf
2025,1,MBBS,MLD,"Malabar Dental College, Edappal",S,SC,24761,,mbbs_lrank_final.pdf
2025,1,MBBS,MLD,"Malabar Dental College, Edappal",S,ST,40831,,mbbs_lrank_final.pdf
2025,1,MBBS,MLD,"Malabar Dental College, Edappal",S,EW,41008,,mbbs_lrank_final.pdf
2025,1,MBBS,NID,"Noorul Islam College of Dental Science, Neyyattinkara",S,SM,21474,NR:42163,mbbs_lrank_final.pdf
2025,1,MBBS,NID,"Noorul Islam College of Dental Science, Neyyattinkara",S,EZ,24233,,mbbs_lrank_final.pdf
2025,1,MBBS,NID,"Noorul Islam College of Dental Science, Neyyattinkara",S,MU,22490,,mbbs_lrank_final.pdf
2025,1,MBBS,NID,"Noorul Islam College of Dental Science, Neyyattinkara",S,LA,23209,,mbbs_lrank_final.pdf
2025,1,MBBS,NID,"Noorul Islam College of Dental Science, Neyyattinkara",S,DV,25990,,mbbs_lrank_final.pdf
2025,1,MBBS,NID,"Noorul Islam College of Dental Science, Neyyattinkara",S,VK,25683,,mbbs_lrank_final.pdf
2025,1,MBBS,NID,"Noorul Islam College of Dental Science, Neyyattinkara",S,BH,22210,,mbbs_lrank_final.pdf
2025,1,MBBS,NID,"Noorul Islam College of Dental Science, Neyyattinkara",S,BX,21855,,mbbs_lrank_final.pdf
2025,1,MBBS,NID,"Noorul Islam College of Dental Science, Neyyattinkara",S,KN,,,mbbs_lrank_final.pdf
2025,1,MBBS,NID,"Noorul Islam College of Dental Science, Neyyattinkara",S,KU,30071,,mbbs_lrank_final.pdf
2025,1,MBBS,NID,"Noorul Islam College of Dental Science, Neyyattinkara",S,SC,23688,,mbbs_lrank_final.pdf
2025,1,MBBS,NID,"Noorul Islam College of Dental Science, Neyyattinkara",S,ST,40190,,mbbs_lrank_final.pdf
2025,1,MBBS,NID,"Noorul Islam College of Dental Science, Neyyattinkara",S,EW,31889,,mbbs_lrank_final.pdf
2025,1,MBBS,PMD,"Pushpagiri College of Dental Science, Thiruvalla",S,SM,8887,"AC:15861, NR:31835",mbbs_lrank_final.pdf
2025,1,MBBS,PMD,"Pushpagiri College of Dental Science, Thiruvalla",S,EZ,10650,,mbbs_lrank_final.pdf
2025,1,MBBS,PMD,"Pushpagiri College of Dental Science, Thiruvalla",S,MU,11028,,mbbs_lrank_final.pdf
2025,1,MBBS,PMD,"Pushpagiri College of Dental Science, Thiruvalla",S,LA,11758,,mbbs_lrank_final.pdf
2025,1,MBBS,PMD,"Pushpagiri College of Dental Science, Thiruvalla",S,DV,,,mbbs_lrank_final.pdf
2025,1,MBBS,PMD,"Pushpagiri College of Dental Science, Thiruvalla",S,VK,,,mbbs_lrank_final.pdf
2025,1,MBBS,PMD,"Pushpagiri College of Dental Science, Thiruvalla",S,BH,8967,,mbbs_lrank_final.pdf
2025,1,MBBS,PMD,"Pushpagiri College of Dental Science, Thiruvalla",S,BX,,,mbbs_lrank_final.pdf
2025,1,MBBS,PMD,"Pushpagiri College of Dental Science, Thiruvalla",S,KN,,,mbbs_lrank_final.pdf
2025,1,MBBS,PMD,"Pushpagiri College of Dental Science, Thiruvalla",S,KU,,,mbbs_lrank_final.pdf
2025,1,MBBS,PMD,"Pushpagiri College of Dental Science, Thiruvalla",S,SC,18265,,mbbs_lrank_final.pdf
2025,1,MBBS,PMD,"Pushpagiri College of Dental Science, Thiruvalla",S,ST,,,mbbs_lrank_final.pdf
2025,1,MBBS,PMD,"Pushpagiri College of Dental Science, Thiruvalla",S,EW,10460,,mbbs_lrank_final.pdf
2025,1,MBBS,PMS,"PMS College of Dental Sciences, Vattappara, TVPM",S,SM,14260,"MM:20238, NR:40785",mbbs_lrank_final.pdf
2025,1,MBBS,PMS,"PMS College of Dental Sciences, Vattappara, TVPM",S,EZ,17108,,mbbs_lrank_final.pdf
2025,1,MBBS,PMS,"PMS College of Dental Sciences, Vattappara, TVPM",S,MU,15908,,mbbs_lrank_final.pdf
2025,1,MBBS,PMS,"PMS College of Dental Sciences, Vattappara, TVPM",S,LA,18713,,mbbs_lrank_final.pdf
2025,1,MBBS,PMS,"PMS College of Dental Sciences, Vattappara, TVPM",S,DV,14800,,mbbs_lrank_final.pdf
2025,1,MBBS,PMS,"PMS College of Dental Sciences, Vattappara, TVPM",S,VK,14754,,mbbs_lrank_final.pdf
2025,1,MBBS,PMS,"PMS College of Dental Sciences, Vattappara, TVPM",S,BH,15548,,mbbs_lrank_final.pdf
2025,1,MBBS,PMS,"PMS College of Dental Sciences, Vattappara, TVPM",S,BX,16540,,mbbs_lrank_final.pdf
2025,1,MBBS,PMS,"PMS College of Dental Sciences, Vattappara, TVPM",S,KN,17616,,mbbs_lrank_final.pdf
2025,1,MBBS,PMS,"PMS College of Dental Sciences, Vattappara, TVPM",S,KU,27605,,mbbs_lrank_final.pdf
2025,1,MBBS,PMS,"PMS College of Dental Sciences, Vattappara, TVPM",S,SC,21197,,mbbs_lrank_final.pdf
2025,1,MBBS,PMS,"PMS College of Dental Sciences, Vattappara, TVPM",S,ST,32084,,mbbs_lrank_final.pdf
2025,1,MBBS,PMS,"PMS College of Dental Sciences, Vattappara, TVPM",S,EW,22045,,mbbs_lrank_final.pdf
2025,1,MBBS,PSD,"PSM College of Dental Sciences, Thrissur",S,SM,21032,NR:41217,mbbs_lrank_final.pdf
2025,1,MBBS,PSD,"PSM College of Dental Sciences, Thrissur",S,EZ,23196,,mbbs_lrank_final.pdf
2025,1,MBBS,PSD,"PSM College of Dental Sciences, Thrissur",S,MU,22214,,mbbs_lrank_final.pdf
2025,1,MBBS,PSD,"PSM College of Dental Sciences, Thrissur",S,LA,24975,,mbbs_lrank_final.pdf
2025,1,MBBS,PSD,"PSM College of Dental Sciences, Thrissur",S,DV,22721,,mbbs_lrank_final.pdf
2025,1,MBBS,PSD,"PSM College of Dental Sciences, Thrissur",S,VK,25380,,mbbs_lrank_final.pdf
2025,1,MBBS,PSD,"PSM College of Dental Sciences, Thrissur",S,BH,22388,,mbbs_lrank_final.pdf
2025,1,MBBS,PSD,"PSM College of Dental Sciences, Thrissur",S,BX,22299,,mbbs_lrank_final.pdf
2025,1,MBBS,PSD,"PSM College of Dental Sciences, Thrissur",S,KN,23291,,mbbs_lrank_final.pdf
2025,1,MBBS,PSD,"PSM College of Dental Sciences, Thrissur",S,KU,27237,,mbbs_lrank_final.pdf
2025,1,MBBS,PSD,"PSM College of Dental Sciences, Thrissur",S,SC,24069,,mbbs_lrank_final.pdf
2025,1,MBBS,PSD,"PSM College of Dental Sciences, Thrissur",S,ST,39207,,mbbs_lrank_final.pdf
2025,1,MBBS,PSD,"PSM College of Dental Sciences, Thrissur",S,EW,39220,,mbbs_lrank_final.pdf
2025,1,MBBS,RDC,"Royal Dental College, Chalisery, Palakkad",S,SM,19996,"MM:24218, NR:42478",mbbs_lrank_final.pdf
2025,1,MBBS,RDC,"Royal Dental College, Chalisery, Palakkad",S,EZ,23733,,mbbs_lrank_final.pdf
2025,1,MBBS,RDC,"Royal Dental College, Chalisery, Palakkad",S,MU,20883,,mbbs_lrank_final.pdf
2025,1,MBBS,RDC,"Royal Dental College, Chalisery, Palakkad",S,LA,22493,,mbbs_lrank_final.pdf
2025,1,MBBS,RDC,"Royal Dental College, Chalisery, Palakkad",S,DV,22985,,mbbs_lrank_final.pdf
2025,1,MBBS,RDC,"Royal Dental College, Chalisery, Palakkad",S,VK,23033,,mbbs_lrank_final.pdf
2025,1,MBBS,RDC,"Royal Dental College, Chalisery, Palakkad",S,BH,20604,,mbbs_lrank_final.pdf
2025,1,MBBS,RDC,"Royal Dental College, Chalisery, Palakkad",S,BX,,,mbbs_lrank_final.pdf
2025,1,MBBS,RDC,"Royal Dental College, Chalisery, Palakkad",S,KN,,,mbbs_lrank_final.pdf
2025,1,MBBS,RDC,"Royal Dental College, Chalisery, Palakkad",S,KU,,,mbbs_lrank_final.pdf
2025,1,MBBS,RDC,"Royal Dental College, Chalisery, Palakkad",S,SC,23455,,mbbs_lrank_final.pdf
2025,1,MBBS,RDC,"Royal Dental College, Chalisery, Palakkad",S,ST,41933,,mbbs_lrank_final.pdf
2025,1,MBBS,RDC,"Royal Dental College, Chalisery, Palakkad",S,EW,38579,,mbbs_lrank_final.pdf
2025,1,MBBS,SGD,"St. Gregorios Dental College, Chelad, Kothamangalam",S,SM,16595,"AC:18851, NR:42151",mbbs_lrank_final.pdf
2025,1,MBBS,SGD,"St. Gregorios Dental College, Chelad, Kothamangalam",S,EZ,19230,,mbbs_lrank_final.pdf
2025,1,MBBS,SGD,"St. Gregorios Dental College, Chelad, Kothamangalam",S,MU,17734,,mbbs_lrank_final.pdf
2025,1,MBBS,SGD,"St. Gregorios Dental College, Chelad, Kothamangalam",S,LA,18148,,mbbs_lrank_final.pdf
2025,1,MBBS,SGD,"St. Gregorios Dental College, Chelad, Kothamangalam",S,DV,16609,,mbbs_lrank_final.pdf
2025,1,MBBS,SGD,"St. Gregorios Dental College, Chelad, Kothamangalam",S,VK,,,mbbs_lrank_final.pdf
2025,1,MBBS,SGD,"St. Gregorios Dental College, Chelad, Kothamangalam",S,BH,16647,,mbbs_lrank_final.pdf
2025,1,MBBS,SGD,"St. Gregorios Dental College, Chelad, Kothamangalam",S,BX,,,mbbs_lrank_final.pdf
2025,1,MBBS,SGD,"St. Gregorios Dental College, Chelad, Kothamangalam",S,KN,,,mbbs_lrank_final.pdf
2025,1,MBBS,SGD,"St. Gregorios Dental College, Chelad, Kothamangalam",S,KU,,,mbbs_lrank_final.pdf
2025,1,MBBS,SGD,"St. Gregorios Dental College, Chelad, Kothamangalam",S,SC,22759,,mbbs_lrank_final.pdf
2025,1,MBBS,SGD,"St. Gregorios Dental College, Chelad, Kothamangalam",S,ST,37397,,mbbs_lrank_final.pdf
2025,1,MBBS,SGD,"St. Gregorios Dental College, Chelad, Kothamangalam",S,EW,24895,,mbbs_lrank_final.pdf
2025,1,MBBS,SVD,"Sri Sankara Dental College, Akathumuri, Varkala",S,SM,24416,NR:41418,mbbs_lrank_final.pdf
2025,1,MBBS,SVD,"Sri Sankara Dental College, Akathumuri, Varkala",S,EZ,29701,,mbbs_lrank_final.pdf
2025,1,MBBS,SVD,"Sri Sankara Dental College, Akathumuri, Varkala",S,MU,27092,,mbbs_lrank_final.pdf
2025,1,MBBS,SVD,"Sri Sankara Dental College, Akathumuri, Varkala",S,LA,27208,,mbbs_lrank_final.pdf
2025,1,MBBS,SVD,"Sri Sankara Dental College, Akathumuri, Varkala",S,DV,25552,,mbbs_lrank_final.pdf
2025,1,MBBS,SVD,"Sri Sankara Dental College, Akathumuri, Varkala",S,VK,27616,,mbbs_lrank_final.pdf
2025,1,MBBS,SVD,"Sri Sankara Dental College, Akathumuri, Varkala",S,BH,24850,,mbbs_lrank_final.pdf
2025,1,MBBS,SVD,"Sri Sankara Dental College, Akathumuri, Varkala",S,BX,24497,,mbbs_lrank_final.pdf
2025,1,MBBS,SVD,"Sri Sankara Dental College, Akathumuri, Varkala",S,KN,27058,,mbbs_lrank_final.pdf
2025,1,MBBS,SVD,"Sri Sankara Dental College, Akathumuri, Varkala",S,KU,37708,,mbbs_lrank_final.pdf
2025,1,MBBS,SVD,"Sri Sankara Dental College, Akathumuri, Varkala",S,SC,25541,,mbbs_lrank_final.pdf
2025,1,MBBS,SVD,"Sri Sankara Dental College, Akathumuri, Varkala",S,ST,40683,,mbbs_lrank_final.pdf
2025,1,MBBS,SVD,"Sri Sankara Dental College, Akathumuri, Varkala",S,EW,43690,,mbbs_lrank_final.pdf
2025,1,MBBS,TRD,"Travancore DentalCollege, Kollam",S,SM,16413,"MM:26912, NM:43397, NR:38373",mbbs_lrank_final.pdf
2025,1,MBBS,TRD,"Travancore DentalCollege, Kollam",S,EZ,19570,,mbbs_lrank_final.pdf
2025,1,MBBS,TRD,"Travancore DentalCollege, Kollam",S,MU,18288,,mbbs_lrank_final.pdf
2025,1,MBBS,TRD,"Travancore DentalCollege, Kollam",S,LA,,,mbbs_lrank_final.pdf
2025,1,MBBS,TRD,"Travancore DentalCollege, Kollam",S,DV,22681,,mbbs_lrank_final.pdf
2025,1,MBBS,TRD,"Travancore DentalCollege, Kollam",S,VK,19778,,mbbs_lrank_final.pdf
2025,1,MBBS,TRD,"Travancore DentalCollege, Kollam",S,BH,,,mbbs_lrank_final.pdf
2025,1,MBBS,TRD,"Travancore DentalCollege, Kollam",S,BX,,,mbbs_lrank_final.pdf
2025,1,MBBS,TRD,"Travancore DentalCollege, Kollam",S,KN,,,mbbs_lrank_final.pdf
2025,1,MBBS,TRD,"Travancore DentalCollege, Kollam",S,KU,,,mbbs_lrank_final.pdf
2025,1,MBBS,TRD,"Travancore DentalCollege, Kollam",S,SC,18488,,mbbs_lrank_final.pdf
2025,1,MBBS,TRD,"Travancore DentalCollege, Kollam",S,ST,,,mbbs_lrank_final.pdf
2025,1,MBBS,TRD,"Travancore DentalCollege, Kollam",S,EW,,,mbbs_lrank_final.pdf
