school_name,location_raw,enforcement_outcome,allegation_type,source_wave,source_file
"KHEMO DEVI PUBLIC SCHOOL NARELA, DELHI-110040",,disaffiliated,dummy_students_ineligible_or_records,cbse_press_html_textline,C:/Users/raino/GitHub/neet-comparison/data/external/cbse/raw/disaffiliated.html
"THE VIVEKANAND SCHOOL, NARELA DELHI-110040",,disaffiliated,dummy_students_ineligible_or_records,cbse_press_html_textline,C:/Users/raino/GitHub/neet-comparison/data/external/cbse/raw/disaffiliated.html
"SANT GYANESHWAR MODEL SCHOOL, ALIPUR, DELHI - 110036",,disaffiliated,dummy_students_ineligible_or_records,cbse_press_html_textline,C:/Users/raino/GitHub/neet-comparison/data/external/cbse/raw/disaffiliated.html
"P D MODEL SECONDARY SCHOOL, SULTANPURI ROAD, 110041",,disaffiliated,dummy_students_ineligible_or_records,cbse_press_html_textline,C:/Users/raino/GitHub/neet-comparison/data/external/cbse/raw/disaffiliated.html
"SIDHHARTHA PUBLIC SCHOOL, KANJHAWAL, NORTH WEST DELHI - 110081",,disaffiliated,dummy_students_ineligible_or_records,cbse_press_html_textline,C:/Users/raino/GitHub/neet-comparison/data/external/cbse/raw/disaffiliated.html
"RAHUL PUBLIC SCHOOL, RAJIV NAGAR EXTN.,DELHI - 110086",,disaffiliated,dummy_students_ineligible_or_records,cbse_press_html_textline,C:/Users/raino/GitHub/neet-comparison/data/external/cbse/raw/disaffiliated.html
"PRINCE UCH MADHYAMIK VIDYALAYA, SIKAR, RAJASTHAN 332001",,disaffiliated,dummy_students_ineligible_or_records,cbse_press_html_textline,C:/Users/raino/GitHub/neet-comparison/data/external/cbse/raw/disaffiliated.html
"BHARTI VIDYA NIKETAN PUBLIC SCHOOL, CHANDER VIHAR, WEST DELHI, DELHI-110041",,disaffiliated,dummy_students_ineligible_or_records,cbse_press_html_textline,C:/Users/raino/GitHub/neet-comparison/data/external/cbse/raw/disaffiliated.html
"U.S.M.PUBLIC SEC.SCHOOL, NANGLOI DELHI - 110041",,disaffiliated,dummy_students_ineligible_or_records,cbse_press_html_textline,C:/Users/raino/GitHub/neet-comparison/data/external/cbse/raw/disaffiliated.html
"R.D. INTERNATIONAL SCHOOL, BAPROLA, NEW DELHI - 110043",,disaffiliated,dummy_students_ineligible_or_records,cbse_press_html_textline,C:/Users/raino/GitHub/neet-comparison/data/external/cbse/raw/disaffiliated.html
"HEERA LAL PUBLIC SCHOOL, MADANPUR DABAS, NORTH WEST DELHI, 110081",,disaffiliated,dummy_students_ineligible_or_records,cbse_press_html_textline,C:/Users/raino/GitHub/neet-comparison/data/external/cbse/raw/disaffiliated.html
"B.R. INTERNATIONAL SCHOOL, MUNGESHPUR, DELHI - 110039",,disaffiliated,dummy_students_ineligible_or_records,cbse_press_html_textline,C:/Users/raino/GitHub/neet-comparison/data/external/cbse/raw/disaffiliated.html
"LORD BUDDHA PUBLIC SCHOOL, KOTA, RAJASTHAN 325003",,disaffiliated,dummy_students_ineligible_or_records,cbse_press_html_textline,C:/Users/raino/GitHub/neet-comparison/data/external/cbse/raw/disaffiliated.html
"S.G.N. PUBLIC SCHOOL, NANGLOI, DELHI - 110041",,disaffiliated,dummy_students_ineligible_or_records,cbse_press_html_textline,C:/Users/raino/GitHub/neet-comparison/data/external/cbse/raw/disaffiliated.html
"M D MEMORIAL PUBLIC SCHOOL, NANGLOI DELHI, 678594",,disaffiliated,dummy_students_ineligible_or_records,cbse_press_html_textline,C:/Users/raino/GitHub/neet-comparison/data/external/cbse/raw/disaffiliated.html
"LBS CONVENT SCHOOL, KOTA, RAJASTHAN 325003",,disaffiliated,dummy_students_ineligible_or_records,cbse_press_html_textline,C:/Users/raino/GitHub/neet-comparison/data/external/cbse/raw/disaffiliated.html
"HANSRAJ MODEL SCHOOL, ROHINI SECTOR-21, DELHI, 110086",,disaffiliated,dummy_students_ineligible_or_records,cbse_press_html_textline,C:/Users/raino/GitHub/neet-comparison/data/external/cbse/raw/disaffiliated.html
"SHIV JYOTI CONVENT SENIOR SECONDARY SCHOOL, KOTA, RAJASTHAN, 324010",,disaffiliated,dummy_students_ineligible_or_records,cbse_press_html_textline,C:/Users/raino/GitHub/neet-comparison/data/external/cbse/raw/disaffiliated.html
"VIDYA BHARTI PUBLIC SCHOOL, SIKAR RAJASTHAN, 332001",,disaffiliated,dummy_students_ineligible_or_records,cbse_press_html_textline,C:/Users/raino/GitHub/neet-comparison/data/external/cbse/raw/disaffiliated.html
"K.R.D.INTERNATIONAL SCHOOL, DHANSA ROAD, NEW DELHI-110073",,disaffiliated,dummy_students_ineligible_or_records,cbse_press_html_textline,C:/Users/raino/GitHub/neet-comparison/data/external/cbse/raw/disaffiliated.html
"M.R. BHARTI MODEL SR. SEC. SCHOOL, MUNDKA, 110041",,disaffiliated,dummy_students_ineligible_or_records,cbse_press_html_textline,C:/Users/raino/GitHub/neet-comparison/data/external/cbse/raw/disaffiliated.html
"B.S. INTERNATIONAL SCHOOL, NILOTHI EXTN., DELHI - 110041",,downgraded,affiliation_downgrade,cbse_press_html_textline,C:/Users/raino/GitHub/neet-comparison/data/external/cbse/raw/downgraded.html
"CH BALDEV SINGH MODEL SCHOOL, DISTT NORTH WEST DELHI, DELHI, 110041",,downgraded,affiliation_downgrade,cbse_press_html_textline,C:/Users/raino/GitHub/neet-comparison/data/external/cbse/raw/downgraded.html
"DHRUVA PUBLIC SCHOOL, JAI VIHAR, NEW DELHI - 110043",,downgraded,affiliation_downgrade,cbse_press_html_textline,C:/Users/raino/GitHub/neet-comparison/data/external/cbse/raw/downgraded.html
"NAVEEN PUBLIC SCHOOL, NANGLOI DELHI-110041",,downgraded,affiliation_downgrade,cbse_press_html_textline,C:/Users/raino/GitHub/neet-comparison/data/external/cbse/raw/downgraded.html
