path,bytes,ext,sha256_or_partial
data/external/bihar_super50/raw/_page_coaching.html,315,.html,ce7127c38e30e92a021ed2bd09287713c6a923db9ffdb43f126e8965d777fbf0
data/external/bihar_super50/raw/mirror_careers360_2025-27.html,145808,.html,378d9aa74ff6edb5fdf4adbd8e1743e09e9dafe872ad9531a5b4466adee3c665
data/external/bihar_super50/raw/mirror_news18.html,584,.html,12960bd28c12a063c326600ff49d23c49be3eacc47095f3ef537d9fb66ce6daa
data/external/cbse/raw/PRESS_RELEASE_27_School_Inspection_05092024.pdf,201653,.pdf,d4479724197cc137ede3e301031e6c0db1cdc48988dc735178f4a2f765dfede7
data/external/cbse/raw/PRESS_RELEASE_DISAFFILIATED_27032024.pdf,226959,.pdf,d623064783fc103a412c83261abf868c9d57157f023a7e460bdb787f1de20450
data/external/cbse/raw/PRESS_RELEASE_Showcause_27_School_AFF_13092024.pdf,328654,.pdf,8f5d9d984886c681f5dc775da7785ee10b814c6770858e6c6820a1f323e0b40e
data/external/cbse/raw/PRESS_RELEASE_Surprise_Inspection_17012025.pdf,2117347,.pdf,0070821e3666c442a7a956a1f0e0840a4b46d76e832cefa5f6be8e5acf2ceaa9
data/external/cbse/raw/PR_Surprise_Inspections_27_School_Delhi_Raj_06112024.pdf,1086783,.pdf,d3cd5f8209ebe98e365b470a469e8cbf9f7bff735336e1c6b92efc3b9555e1fc
data/external/cbse/raw/Press_Release_Aff_Inspection_19122024.pdf,844236,.pdf,6a6f4e3af3955a5aba70c48c7077b5c084274b0f97f331bcf4ddaed6d4351541
data/external/cbse/raw/Press_Release_Dummy_School_03092024.pdf,201812,.pdf,0d7253b3b3b691ca8478448be59379a5f736e8d3d32cea2f7d8db4e46809bb4d
data/external/cbse/raw/Surprise_Inspections_05_State_01_UT_18082025.pdf,651968,.pdf,b5d0e4a1456d911887b1404d2605a8edea26fd968e6a9d1527f8a87e4c8d5f5e
data/external/cbse/raw/_page_press.html,68173,.html,7acdb49c27bf453c5f5f889915bbdd8c38fe509909da447a7ae4ba5176a5a2f8
data/external/cbse/raw/disaffiliated.html,18505,.html,c8b6c2832eec0cb978c5ff7992d05aee1900e1649c3b206530ebdcdf29932419
data/external/cbse/raw/downgraded.html,12190,.html,488e1f9ede16200a647c713492256ae231888ccc7483c00a022d4b13cd389680
data/external/cbse/raw/mirror_indian_express_2024-03-22.html,752635,.html,0137ba7cfd122cfbbe5fe93f50039ebfbc929abdd9521a4612cf3333c763c222
data/external/cbse/raw/mirror_the_hindu_2024-03-22.html,201771,.html,6a9dbfd3c9a7139dee1794e56c8decd49fb72f11a87d43c9d268b38dfa8c8f6f
data/external/csrl/raw/_page_home.html,16,.html,bb2fb7b51f18478e3ccde6376dc39285b20472f0394e7034fd2e0bdf6a5716e2
data/external/csrl/raw/_page_super30.html,37136,.html,1a37c943f386896df4f413fb4583dd0cb948b9774cb63688f8379a401b0b3266
data/external/dakshana/raw/AR-18.pdf,56880733,.pdf,partial:4caccaafe599fd313eb4a9634cf50750179c04b2c4648b4789521b3814abb59d
data/external/dakshana/raw/AR-19.pdf,10841747,.pdf,partial:523e3a110cf866e274d85b61fb6fb93bb9c4073a9d1a650bbd5c6e980a55b0cd
data/external/dakshana/raw/AR07.pdf,6023564,.pdf,1952aa9bddf0f8e1c381baccb67002625ef32b974f1a958dbdaa0d3fb01a2cb1
data/external/dakshana/raw/AR08.pdf,329254,.pdf,65c4534c7924fa96a328bd15983b8cce27d68a4708ef5c84ca1b93a4774e2ebe
data/external/dakshana/raw/AR09.pdf,1581026,.pdf,2bd718a69e80be505fe6b0f5795c59a06622a6cc8245f81ef9803052c12d6ced
data/external/dakshana/raw/AR10.pdf,2690142,.pdf,2db569cb6bd5ed62aa2500894bbfa57cfe9b2954c443e580cffeb60c16eb3a98
data/external/dakshana/raw/AR11.pdf,971807,.pdf,09331844783d7145575119a807d4aa72941e0cc9dc1b894117f07ffa0117ee46
data/external/dakshana/raw/AR12.pdf,11864468,.pdf,partial:70cc590824f06c6572cb74d4cc5d4846511572f3c722b3c4849718a1464a6ff9
data/external/dakshana/raw/AR13.pdf,41486763,.pdf,partial:7b127c1491b1b2e33bdfea2444f3659b1167a807973c93e693f304678465725d
data/external/dakshana/raw/AR14.pdf,23126270,.pdf,partial:e15de30ecfcf82045ae4e56c6323cffc988812cc368180a687d708fb33bc0760
data/external/dakshana/raw/AR15.pdf,43533606,.pdf,partial:5f641a6364261052f64857fa976083b82f49eedbcd68b26afd3b5850efb53b01
data/external/dakshana/raw/AR16.pdf,8433279,.pdf,partial:20aceb5e2842255d80e90bf247ab4f98a1cd92866f9b13c7adc20f4a83b680a9
data/external/dakshana/raw/AR17.pdf,54506482,.pdf,partial:c0996fd394fdbff093effb0564d1a2c01270b77f804c3fb819a7b7325b4a156d
data/external/dakshana/raw/AR18.pdf,10305706,.pdf,partial:3ce5a9014a6de9d47c70fd8707ae51559cd6518278d668ef9e777c14b3587cd8
data/external/dakshana/raw/AR19.pdf,85812925,.pdf,partial:be5e7f62c28131aa8942cc66b4f5494178dec546081c605ae60c9a3a0ec9f4e0
data/external/dakshana/raw/AR20.pdf,2848713,.pdf,955717d5e1d7de2cdf5e69ea8259928104d0043eb1579c308f5b0fce38c10293
data/external/dakshana/raw/AR21.pdf,3925681,.pdf,3258b33c58446fae866e2f52b2d13612fd95e596d6e973cb60ce427105483fc4
data/external/dakshana/raw/AR22.pdf,2839054,.pdf,a280326470dbe804c122dabf32505ed2d2e97349bbda216dc782e3ca0a8ea548
data/external/dakshana/raw/AR23.pdf,4317673,.pdf,f086d840399ed943cae33c76e5ceb178f26b26769dca86140496f3d8eadb77c9
data/external/dakshana/raw/AR23_fast.pdf,4317673,.pdf,f086d840399ed943cae33c76e5ceb178f26b26769dca86140496f3d8eadb77c9
data/external/dakshana/raw/AR24.pdf,5457478,.pdf,2afc0f6c8e48b1ab237011e2fffc5b474bc62ceea6aff8bc1904d89c848575e0
data/external/dakshana/raw/Annual_Report_Booklet_Low.pdf,137231272,.pdf,partial:c62dc61a6f8f2cc414d36238d6cb468ec131f2bef858d886e676f82d783f222f
data/external/dakshana/raw/JDST-2024-Notification_19-April.pdf,273663,.pdf,003bc7edf5a127c2f97f3084537ca5154a2440842db49b6ed8ff15a5d85722cd
data/external/dakshana/raw/_page_1year_program.html,59601,.html,985156c67b209295c3156e4177e65f97119be1788ee16ffd42ba5f4717f510df
data/external/dakshana/raw/_page_home.html,96495,.html,7233f1066ad148e6fe0ea5b70ba014443f1b2ecf92a985de4c0cccaa876679c3
data/external/dakshana/raw/_page_jdst_faq.html,60891,.html,ea93ed232b7d78d5b3234ec2719620af7ce44bc96176975c7478625beff1c14d
data/external/dakshana/raw/_page_reports.html,61770,.html,8a1e36531147a4e1ca72662b7b0663d145471834c8001d815bd6f5d785201b64
data/external/dakshana/raw/buffett.pdf,195899,.pdf,f1f44278eb3f54bc047d570f87f5c9785fffdc1fbf05d5c167ddd104fc72b20d
data/external/github_hq969/raw/neet-2024-center-longnames.csv,574227,.csv,674cd42dc78c5809f1e455d7b158056e62ddbf90c2420dde63ba6037c382f0dd
data/external/github_hq969/raw/neet-2024-center-marks-data.db,39534592,.db,partial:6863e1eb49d9b05851b8fa385517b4b3e68f141ec17c08f4b87b067fec4fa475
data/external/github_hq969/raw/neet-2024-centers.csv,337087,.csv,ed5e6d509c0de76d8a9baacd4663794a2235d49f91717f22d0760e694e6d324b
data/external/kerala_cee/raw/cee_home.html,31494,.html,7b6f01d59fb4fceb037cd7f25cb53fb6719fddfcd76ebde34874f462da8bf1e6
data/external/kerala_cee/raw/discovered_links.csv,1534,.csv,614538edc63f806bd9f778f5a98578bde3063c3e78299bb4d8b57e9fcd550718
data/external/kerala_cee/raw/fee_structure_believers_church.pdf,97243,.pdf,56a355036a872764692494e05887b35892b78c50c5bb73512828300a8752bd9a
data/external/kerala_cee/raw/files/2017-18Proceedings2378.pdf,707011,.pdf,7427d69a5817f01de794b27788b2348e1e8159adcf7913bc3dfc1cf7b5c12a5c
data/external/kerala_cee/raw/files/2018-19proceedings693.pdf,441208,.pdf,99039a72acedc5bfeeb3b6add94f46c169ddea90514f526bad966aa763fbb9e8
data/external/kerala_cee/raw/files/2019-20Proceedings_4784.pdf,437142,.pdf,a74ca148f887257b0dcd23fc56a43856b5df6c7deeda6b452df97c40460f5f1d
data/external/kerala_cee/raw/files/BPLSchoRenewed.pdf,707875,.pdf,b5da66049910588a1233b06d1711691e4187cb323c882ba05cabd5c53c166d11
data/external/kerala_cee/raw/files/BPLScholorship17-18Noti.pdf,883594,.pdf,9bd959b2ec387d17be02104ad298350417af275916605ce2f2f1371aee3c2744
data/external/kerala_cee/raw/files/BPLScholorship_2019.pdf,730727,.pdf,e0e4946efe7a7bf45b1989ac94be8a660995acda9846afa33e7d2f19be0ff036
data/external/kerala_cee/raw/files/BPLScholorship_2019_2.pdf,689186,.pdf,978720cc5ff5fb05acab6ad87c79e4ad65c134170e9088f471824dd569cf733c
data/external/kerala_cee/raw/files/BPLScholorship_2019_PR.pdf,620208,.pdf,0bb23b67ef86506a0b440128d8145cd7424db8671dc6199a75ac0c6ee6b8738a
data/external/kerala_cee/raw/files/BPL_Proceedings_2019-20.pdf,534167,.pdf,95c52563f74c1a3804120959be9d485fdbce951487e361720f9566ca75d253e3
data/external/kerala_cee/raw/files/BPL_proceedings_2018-19.pdf,683125,.pdf,03d1f13fd110925a4c7d93e1b32b0d6104657503ea23c98cbe90c8924251a34b
data/external/kerala_cee/raw/files/BPLlist.pdf,879833,.pdf,7c27eaaefc282025355b6318823ebfae2e475045f109d9d2c38e37735d73753c
data/external/kerala_cee/raw/files/BPLlist_renued.pdf,778879,.pdf,df6d8ff9565e87001a88dc07ab9b2bd286ff1ea15076f55d6155198af0a66c04
data/external/kerala_cee/raw/files/BPLlist_renued_PR.pdf,520681,.pdf,407503cbccb458b090a5ba4427ff8944a3cfef777c6c169b6e7137ba54c4156d
data/external/kerala_cee/raw/files/BPLscholarship.pdf,838605,.pdf,8ea58a8c220b71559c55fe77a70894da08506f79504d88ceaf5c7503c227cf4b
data/external/kerala_cee/raw/files/BPLwiegtagemark.pdf,843591,.pdf,be251fde4012a4b82ab5f5678bdeda091b9230fe463612a2e568909b73e51202
data/external/kerala_cee/raw/files/BPharmRankList.pdf,1037242,.pdf,583f0d30b88a47ee3a7115bf7c81cda091c93f49d4cfd8aa96459e91ad6fc2ff
data/external/kerala_cee/raw/files/Candidates_Refund.pdf,876762,.pdf,94bff61f4a10f1179582cbb3ee98b9c92843de666de5c6542bc0ac9715928ef0
data/external/kerala_cee/raw/files/Circular.pdf,208864,.pdf,5ddae581448078057c122f9130ac9a6715c0e408415e7a130f1ceccb7599b771
data/external/kerala_cee/raw/files/Circular2018-19_20220308.pdf,97744,.pdf,25723c8be7983efd470320d4077aacae90adf8d8680520d25cb7d025b83614f2
data/external/kerala_cee/raw/files/Circular_20220304.pdf,100677,.pdf,cdc96eeb931aaafc8964b079eb29c838f738a664cb959423b93f92cc303a34c1
data/external/kerala_cee/raw/files/EligibleCand20210319.pdf,873271,.pdf,f0692b4ea37c995c9dbbc63979aafbfe404355d3cdb3e54cb040b39cf1f6cd93
data/external/kerala_cee/raw/files/GO-CASTE_RELATED.pdf,1728812,.pdf,30e77ba1e60bb3f48d9326391b4f5f13b46024ca10ce4dc60b53ffc7202d488f
data/external/kerala_cee/raw/files/IHRD_Govt_Instn.pdf,232720,.pdf,faf6912acb0c21b6150175363e0ecd4fcc6d51d4117840ee8f09516a37d42b19
data/external/kerala_cee/raw/files/LBS_Kasargod_Poojappura.pdf,1898794,.pdf,5ad581b72b41e0e0358d0cf9660f3c00ec232da26b70b483b06647a994117e2f
data/external/kerala_cee/raw/files/PM_catlist_final.pdf,109654,.pdf,9caca9a9170d9eaddb1c0b2b620de6e329600dd0826db01a7975873c40c954b0
data/external/kerala_cee/raw/files/PR20210319.pdf,606442,.pdf,d1428434a27ca383ef35be8f25b480dd2d1820e319486483c9b2dc120700be4d
data/external/kerala_cee/raw/files/Proceedings2018-19.pdf,635149,.pdf,2d1e070687c9b4255fa67cb6e1f9e98d37dcee66c0c467dd8a455ad2a99e23c4
data/external/kerala_cee/raw/files/Proceedings2019-20.pdf,705583,.pdf,956aa8a5e648a0bbd1062a79b7865d2018a7ded42b48c80591d21f57df201503
data/external/kerala_cee/raw/files/Proceedings20210319.pdf,516710,.pdf,f1cec9d5141b928698c82245d94866804963f7cabb79f5c26b2adedb78b17d57
data/external/kerala_cee/raw/files/Proceedings20210403.pdf,500090,.pdf,f6959ff5bc38b06314ae0f49e278e1003b5f72730a725e8863fab0f59f280f3b
data/external/kerala_cee/raw/files/Proceedings20211105.pdf,660132,.pdf,fc9a7eee7efa8fef2a45430330720b1185ba953f2b0965257141e1e8743ed6b6
data/external/kerala_cee/raw/files/Proceedings20211111.pdf,707121,.pdf,0f3c131b91b1bf9e35347fc8620f3edc1d9c09388e31ed4321517b5497c09a12
data/external/kerala_cee/raw/files/Proceedings20211125.pdf,1714747,.pdf,59227b133ac1f7a97db4efbc29ddc41db0636a3320fff3998c43850a1b8dacaf
data/external/kerala_cee/raw/files/Proceedings20211214.pdf,1254969,.pdf,fe6ae54ecd38ead24d20eaf133696ffcc1584e1ce533ec19a2139fb72bee56ff
data/external/kerala_cee/raw/files/Proceedings20211214_Renewal.pdf,1000216,.pdf,58ae8ea6ef86aa1a93ff693ceed295d8ece1aedb4a69bc9cd4a557d1ece76704
data/external/kerala_cee/raw/files/Proceedings20211223.pdf,1254124,.pdf,e1b1556c1c5cea054dc330d88f297136883bc01f037866f0483c843502d6782a
data/external/kerala_cee/raw/files/Proceedings20220302.pdf,187258,.pdf,6eb3295837f999522cada1533d72f7796b99225ca5f18d4fabde595a71b7d12f
data/external/kerala_cee/raw/files/Proceedings20220314.pdf,106240,.pdf,027d01fc0337ec801e340a0a48fa7e2d02d5ec80ad39e28ad5c16dd184d0e9ec
data/external/kerala_cee/raw/files/Proceedings20220423.pdf,293815,.pdf,d559e61f0578d0fac8fb63931991c821feba72dfd79a857afb48028827ba5d66
data/external/kerala_cee/raw/files/Proceedings20220520.pdf,129363,.pdf,5c486df96225a04959a27a5a9f37f11f202e0ccaa970c552ed1687326842cd3a
data/external/kerala_cee/raw/files/Proceedings20220610.pdf,112752,.pdf,80d42faaa71b4bc0f0802d88bd528077efa268eaaa2cf638405e1844d49cb409
data/external/kerala_cee/raw/files/Proceedings20220803.pdf,282629,.pdf,1c7a086afd677bd0840cf753b54cda5f5cfa902a0e1875865a32b036600176bd
data/external/kerala_cee/raw/files/Proceedings20220905.pdf,118524,.pdf,26429e756fbb6e84cfaf0b02da8d4e7c744e2b4eba98eca7cb343d516ab03105
data/external/kerala_cee/raw/files/Proceedings20220913.pdf,306662,.pdf,477edb6a43cf4425ac91b19bb95bb156479622e471969e4deedb46249fca0c5f
data/external/kerala_cee/raw/files/Proceedings20220926_1.pdf,170450,.pdf,d1b5018e2ad8b5a5fd7388782f3063835aed8e630580471221b6898fd6cf9167
data/external/kerala_cee/raw/files/Proceedings20221115.pdf,267363,.pdf,0f96d7460146fabbe78b6df3a22599ba65284c2219a2cfdf8009bb09c1c13b47
data/external/kerala_cee/raw/files/Proceedings20221223.pdf,135829,.pdf,950efcad7dc197dfabc1561208b5d479bbacb20c6612d9cb525d8f5b95e8b63b
data/external/kerala_cee/raw/files/Proceedings20230104.pdf,300689,.pdf,6f7f648a8ef408b699280590144d0bb5b6aec1a8bbd79f8857903ab558576dde
data/external/kerala_cee/raw/files/Proceedings20230201.pdf,134272,.pdf,cc420aaf5ba1a595498b241579a4e4ca92429e1333b5002f2cd2d4e6bbf7eb5b
data/external/kerala_cee/raw/files/Proceedings20230214.pdf,318544,.pdf,c84d5c4ccd85f21cf70852e8634b7eb2c2225eb3c1c8b016f2a2978eb76c0497
data/external/kerala_cee/raw/files/Proceedings20230526.pdf,130239,.pdf,d16be6d949613caea8965039fe91541c992758451389e4006c4b977257d88dad
data/external/kerala_cee/raw/files/Proceedings20230722.pdf,123693,.pdf,961a65da35bf4e83c761107911683b0a289e6773f667a2ae5d1124c2697d6625
data/external/kerala_cee/raw/files/Proceedings20230804.pdf,125602,.pdf,ea1c0f8f3887ede0a1f06009f021291f9b4213f40f83069bb8c4c50495bcc008
data/external/kerala_cee/raw/files/Proceedings20230823.pdf,88052,.pdf,717bb107b425eadb60d4204b3388c2b22354e6c43c52e114fafccb7f6f4bcc15
data/external/kerala_cee/raw/files/Proceedings20231116.pdf,563803,.pdf,0337e8ca1e7277fb04f89d1dbbc251a1b41fe1ef16867fb8d737adb2ca3bdcfa
data/external/kerala_cee/raw/files/Proceedings20231206.pdf,573823,.pdf,699722d8cb254a574467b8a933c002152ca8d33db49a85e3dfcbfb1b48b57de1
data/external/kerala_cee/raw/files/Proceedings_20210630.pdf,629192,.pdf,1184f18ed59e653c3403802af92d371d58c1a7e3b73610ba0cb613aa8406a24d
data/external/kerala_cee/raw/files/Proceedings_20210719.pdf,674262,.pdf,c974b3a4a3f94530393d73c66e22e966fcf0720d9a05780c692ab8b986b9d59c
data/external/kerala_cee/raw/files/Proceedings_20210719_1.pdf,778809,.pdf,c5daaa5f434962cf1e6922d68e997d806aed9caade6ad5fd3c697da6f9cf4638
data/external/kerala_cee/raw/files/Proceedings_20210719_2.pdf,767065,.pdf,1867a41db1ec852b284845d2c592144f0a159a869f7bf06ea15c4be242b8fb32
data/external/kerala_cee/raw/files/Proceedings_20210806.pdf,611502,.pdf,5a1b29ff233872bcb80e0ef89e493093df59131af0f5859bde2fc5a28e95acdf
data/external/kerala_cee/raw/files/Proceedings_20210806_Notify.pdf,1293078,.pdf,bf73c0d5606c2261590ff27eca336b17a0e1630e0652c3a3d3baf28b42c49f83
data/external/kerala_cee/raw/files/Proceedings_20210904.pdf,560967,.pdf,4830a914ada50fd05424948084d09c47e22473d0712fba6663d37f292d17ee4a
data/external/kerala_cee/raw/files/Proceedings_20210916.pdf,698302,.pdf,eb73851ec0e6e326cfbd402c399b88867acd0d2e708039a318282c38c6085852
data/external/kerala_cee/raw/files/Proceedings_20211006.pdf,595410,.pdf,602a99aa6cadb3eaf21490db11bce8efe3ebaf226f7c08d9f5bedd01ca0340f1
data/external/kerala_cee/raw/files/Proceedings_20211222-1.pdf,1559165,.pdf,2b91cc2c611a1f7dc7f9b74d100ba5170a8c1ba0f246087766c5332e807ca53c
data/external/kerala_cee/raw/files/Proceedings_20211222-2.pdf,1838018,.pdf,512a97b3fc9d1c970007442711cf3848300aac171fb70d49822ad3650980625d
data/external/kerala_cee/raw/files/Proceedings_20211222-3.pdf,1726281,.pdf,afff22027845474913bad5fb6773f5cd4090eb09df0bfcad2708feda41f400dc
data/external/kerala_cee/raw/files/Proceedings_20220224.pdf,129303,.pdf,5cc0479a8d9a92ef75f7ec22bccff9aae36d7cbbdfde967d405808418791c16e
data/external/kerala_cee/raw/files/Proceedings_20220304.pdf,345071,.pdf,eae74681ff8270dd0b1455e5e1754e5635a0c9d02adf3b613b763f59bed042bf
data/external/kerala_cee/raw/files/Proceedings_3.pdf,601447,.pdf,39c2454dc340af0176247f16d0b5ba742171147bb3f21874a2204b524c21f61f
data/external/kerala_cee/raw/files/Proceedings_renew.pdf,797809,.pdf,c81d43f668aa1a31d94720faae7a9411bdfcfa92826db083eff9c85ec15ec26e
data/external/kerala_cee/raw/files/Proceedings_renew_Notify.pdf,803097,.pdf,c3ea9c9be1c9244c35734575133957c6512d00a450eb84cc9208276fdb804121
data/external/kerala_cee/raw/files/Proceedings_renew_PR.pdf,498431,.pdf,29645e411937a97d24b0199089edb3e3c1e288cf57bd36b07e6a69a75837a660
data/external/kerala_cee/raw/files/Prospectus.pdf,2918544,.pdf,48ed3d7112630e5cd38bf08193a326726f32290fdca9ddc1a1dc1a9c25a37733
data/external/kerala_cee/raw/files/Prospectus2.pdf,3223080,.pdf,227254e81f3a100fb9e81481f1c9bef2a7fe2c0e36e55c5acba0c873b17caaed
data/external/kerala_cee/raw/files/Renewal20211112.pdf,645773,.pdf,a3fb0fb91c8840a6d0cffbd3165079e3d50f7b8eef03272bd9303105e006026a
data/external/kerala_cee/raw/files/Reverification_Notify.pdf,781639,.pdf,53babfd53262cae93f1310ff74cef4d620e55c515f3b66830494b11068289a6b
data/external/kerala_cee/raw/files/Reverification_PR.pdf,605634,.pdf,43c4046d5fe7ac30082ba792ac2e6908bf9501a996a4495956ca1d92122a95cb
data/external/kerala_cee/raw/files/Vacant_seat.pdf,18701,.pdf,1f336617494ced5f671c2821cda06fadfc78e9e55746b85886149041ce11395e
data/external/kerala_cee/raw/files/Weightage_20211023.pdf,783979,.pdf,3c799f8376b484575745d67769aa62f04500298a3fa72453a6857c0b50da5477
data/external/kerala_cee/raw/files/Weightage_20211027.pdf,1505269,.pdf,fc8233997babd7ce1ec63d25c15e9b88caa9e60b6cda0adbc55c97a1e9b066b6
data/external/kerala_cee/raw/files/Weightage_20211230.pdf,884417,.pdf,aad8e5d5f4c3dad0eb0069db22feb55a69cbefa0fa63f4e15e5d8b11df3f1a57
data/external/kerala_cee/raw/files/Weightage_20212022.pdf,587700,.pdf,f5a919e6483bd649f72e417c3ff07fa3687de3873d8426ae5ec479cc96bbe131
data/external/kerala_cee/raw/files/Weightage_20220224.pdf,110826,.pdf,168f853da8431851488d9878dd2e2d6b1bd80e5f98625a86b1addf73347b8430
data/external/kerala_cee/raw/files/Weightage_20220304.pdf,199558,.pdf,e5afabea33612a3202ed76deb90c191a549b0f5f176c30794d916d8c5a093744
data/external/kerala_cee/raw/files/Weightage_20220526.pdf,96208,.pdf,b90b713265a8157031419ce67d22561264820643229a63cc8458d0cc54baed12
data/external/kerala_cee/raw/files/Weightage_20220528.pdf,94887,.pdf,0b319b9cfefbf32fc77de3731b7100355c2ef606292fe55dafca12375c6d4aca
data/external/kerala_cee/raw/files/Weightage_20220701.pdf,167206,.pdf,a47965cea038279482fe2968bcf35f83846024a1b1c6abce39b1a65e3fc5c4a3
data/external/kerala_cee/raw/files/Weightage_20230120.pdf,111752,.pdf,a838eac8fd2444d6cb635540173319afb426761ef896c9316fedbf7eed9f964d
data/external/kerala_cee/raw/files/_page_allotlist.html,14182,.html,b3d9241f4c5caec1cf63d9e1f91d930997460520f386056d5f5519983cbf4947
data/external/kerala_cee/raw/files/_page_catlist.html,18044,.html,5f30d004408cf8252c830d265fbbd1098d6bc3275d46358b91953ae05446c0ea
data/external/kerala_cee/raw/files/_page_keam2017_noti.html,6123,.html,01de6c8b01ae0241b0698f57a1e2a8ca72a6450274a79480261d0dbc70e4f07a
data/external/kerala_cee/raw/files/_page_keam2018_noti.html,9734,.html,0533c381684ed9fe17022835d5f0fe50fe3fa4f1558162bfc6320288f1aab9f7
data/external/kerala_cee/raw/files/_page_keam2019_noti.html,9508,.html,2407f857e04d639bf1a86a82698710aa42c4a930477e86b21a9d9962eea27125
data/external/kerala_cee/raw/files/_page_keam2025.html,12002,.html,42bf92da8e3534d89cc748a0c960efb519bd53c3b60873737e1d29702490b76f
data/external/kerala_cee/raw/files/_page_keam2026.html,15456,.html,b908f0765f017abf5e37165102b577d8b6e40ac8c3f05aed5ed4f68442b77d6e
data/external/kerala_cee/raw/files/_page_keamonline2026.html,13374,.html,bd56e18ffe8708b591710fd86d488ff4962fc12c4c30159e9df8a840888a1bb7
data/external/kerala_cee/raw/files/_page_last_rank.html,10152,.html,0a03bf2de76cad165320305ef9aab9d5221c4fe087f465b2726ad920d2ee319f
data/external/kerala_cee/raw/files/_page_notification.html,14981,.html,8b79a2c15d9bf1e8b709c2bb5e36572d4f7c1cc87e2d0b286ce3e4eb05fce9f2
data/external/kerala_cee/raw/files/_page_page.html,31325,.html,357f1d878fc200cd6112d9e7459a2bdf82cc4f0d65b0667c81e86c33cba09acb
data/external/kerala_cee/raw/files/_page_pgm2025.html,9887,.html,3f34bd6198f012fddbab9bee2fe8ce8a2111532f5838ec38d094b5c4e358c4be
data/external/kerala_cee/raw/files/_page_ranklist.html,10274,.html,dad861fa53d19b835c59fb5c9c5f39ea32187f0e644a1be509f0ecb3433d671b
data/external/kerala_cee/raw/files/allied_p1_final.pdf,295183,.pdf,3897373035454cbea03bd8716e942c740300ea62dc4c8c0ca0d65cc070a1a6d8
data/external/kerala_cee/raw/files/allied_p22_provi.pdf,12241,.pdf,163f982f01a2dc75fc8996414d78d926172f8a4223a145978b0f6feca5f7bd5e
data/external/kerala_cee/raw/files/allied_p23_final.pdf,10979,.pdf,d978f1d2bddc49f46c54c15385eb9361f13131a130173bc73f067f82e9666622
data/external/kerala_cee/raw/files/allied_p24_final.pdf,10873,.pdf,421d8822a3df82e9ee0efae90762f62f30e15df5991307f32774b70721f68138
data/external/kerala_cee/raw/files/allied_p2_final.pdf,278486,.pdf,fb6dd1ee322053db23c4b6fab5630296d2b16c76f3eebb97f7a209c64b4bbabf
data/external/kerala_cee/raw/files/allied_p3_final.pdf,289141,.pdf,5157862157272250c6e264ee983f45a9b395f8b1dcf179ebd533c8a51f088bb3
data/external/kerala_cee/raw/files/allied_p4_final.pdf,55616,.pdf,edff5bf6d6df8c6bc6ce0909565b0c07f49bdc013d2acd5aae756974919e5683
data/external/kerala_cee/raw/files/allied_r2_2_special.pdf,10642,.pdf,78a7f40addeb8313928eaf1017fdfa0083c83f0df89e5ae86ecb10dcab27a1a2
data/external/kerala_cee/raw/files/allied_r2_special.pdf,10643,.pdf,4b4862326b6d191e1d24a3a95829f0515e998aefde80cc6ef09ac094529d5a13
data/external/kerala_cee/raw/files/allied_stray_r2_final.pdf,27738,.pdf,7986e61c04e76c4f7f45fb597134b711a3d773dfb07ea1ed1ebe612aa911bf05
data/external/kerala_cee/raw/files/allied_stray_r3_final.pdf,18363,.pdf,295b783eafab49368e295bb4f50b99c9dbe1260968221934ad22b21c7519b412
data/external/kerala_cee/raw/files/allied_stray_r4_final.pdf,12474,.pdf,ca7e92b0855a68334923968f971d1c29015e4ef82fbea3dbcdc6edd6ede0d617
data/external/kerala_cee/raw/files/allot7_mbbs.pdf,12240,.pdf,c3c0ec4218de281c93e30350f4d951e14bedfb6d9669e13828f1f7f9579f387a
data/external/kerala_cee/raw/files/allot7_mbbs_p2.pdf,10921,.pdf,34e7c749f5b347c45507a03353bea4f9d1fe65eb496bfa2911a2bd80b7d407e6
data/external/kerala_cee/raw/files/allot8_mbbs.pdf,10605,.pdf,824778776d2b5183eb76c11acb2a11dad5566168b6111ee95460998e889299fe
data/external/kerala_cee/raw/files/apitc_final.pdf,17168,.pdf,3316e42abdfa8735decbf39b24d7e3debbc64ac5e86b6bb0c35d8ac460a90c96
data/external/kerala_cee/raw/files/arch_pd_final.pdf,10454,.pdf,3471379c33a63a5f4b2c4f6d9c68988d47e93c74986414316ebc9ca173353d58
data/external/kerala_cee/raw/files/arch_schedule.pdf,120346,.pdf,9e0a497cc5945ce1ce4921fe8442af7188cfa5e579f31a2e03bfcdd7f82b86bd
data/external/kerala_cee/raw/files/ay_rev_cat_final.pdf,1117317,.pdf,73dc9fb56e3788d0e6647637d2bc8312adddc65d4756b3e73a231dc28f515a50
data/external/kerala_cee/raw/files/aycat_final.pdf,1126957,.pdf,4118d09ece0700e264c07230c155da3730f0584a6aaf8c069d5bdbb775cf085c
data/external/kerala_cee/raw/files/aypd_final.pdf,13129,.pdf,9c9386c0cb869350146e91e9fbee6acf9a850d4c0b19d6d91620d6a09da14ca2
data/external/kerala_cee/raw/files/ayspecial_final.pdf,41784,.pdf,940589f90a20d6bd27bd54865bf98d87f235e4d606476af2ea35fa35e716b21b
data/external/kerala_cee/raw/files/ayur_rank_rev_final.pdf,2520042,.pdf,cdf3d8e65894f812f32b1ec4f48e4bdaf5f9efa7b859b27521db71e331bc86ff
data/external/kerala_cee/raw/files/ayur_rev2_cat_final.pdf,1118680,.pdf,798c62cd5ddb98c507ea9342ae91c9dcd979817135b77eceb37a92778523ac15
data/external/kerala_cee/raw/files/ayur_rev3_cat_final.pdf,1117983,.pdf,5ff62c402bc392d3104b23d867fbca01f759fa97f83d38901427ed87c5b08e7d
data/external/kerala_cee/raw/files/ayur_rev4_cat_final.pdf,1118629,.pdf,0df848b715376fcd19694c02785b8efcf4a0602a6f6490d1adeb73d9f3a47267
data/external/kerala_cee/raw/files/ayurranklist.pdf,2520913,.pdf,d00ec506291b23556b4a7f8cb2002d0f6d1ce5931b3b30364d8cc349867c0aac
data/external/kerala_cee/raw/files/ayush_rank_rev_final.pdf,2694400,.pdf,4f776ca0c9688886292f000fff91024b4d3d89e18bfbf523e30e50b62e5e38e7
data/external/kerala_cee/raw/files/ayush_rev2_cat_final.pdf,1122525,.pdf,fcedd9bf3cf6e0611787cc0305016696153c1e50c790e9f771e2f128e9e9c38a
data/external/kerala_cee/raw/files/ayush_rev3_cat_final.pdf,1121909,.pdf,d6b8fa8286e9cbad7c6059d5f9e022b0512bf5da39b8afaa91a62ed4385882c0
data/external/kerala_cee/raw/files/ayush_rev4_cat_final.pdf,1122462,.pdf,609d263f9e64554e522eafc71d223e533e7631ad640a9b567f36f2b2a0fcc28f
data/external/kerala_cee/raw/files/ayush_rev_cat_final.pdf,1122073,.pdf,b33db78b84b1fcb48d585400d3857838af3ced077dd7521642bf734ad19050d9
data/external/kerala_cee/raw/files/barch_rank_final.pdf,164598,.pdf,1816b70505b1c7023e62e3b3c04988ca6a46a0613594bc18c5ddbe316c48eaaf
data/external/kerala_cee/raw/files/bcategorylist.pdf,858963,.pdf,3fa69d019ffc7d054cc9a269fc9358354d2777fc438ac1466af21dd59cd899a6
data/external/kerala_cee/raw/files/bond_3.pdf,838074,.pdf,f8095f839f1fdb671bc9950253f5f90fdab06f65f56b38814565ed1c34b189bd
data/external/kerala_cee/raw/files/bp_pd_final.pdf,50386,.pdf,6faae06a78232b9e53f04309dddd9d47ef7da15350bf9db14c2fd5dbb70b97aa
data/external/kerala_cee/raw/files/bpharm_p1_final2.pdf,226990,.pdf,eae62d82f5a1a86fa6a3a4d9c1f95c83820eb899b4c2f486b1eedc071142e5fb
data/external/kerala_cee/raw/files/bpharm_p2_final.pdf,216462,.pdf,63e27c2c4df8c207cae35f15555791b721093f5190b4766304903fb9a700012c
data/external/kerala_cee/raw/files/bpharm_p4_final.pdf,316798,.pdf,ca4fab95597098dec462f2b9cbd6454ee23b75aad4d7fd744fdb0c76141fe7b5
data/external/kerala_cee/raw/files/bpharm_p5_final.pdf,33473,.pdf,7701d6dc78ab2b3b3437c26e9e9423ffd2858935583b0e5254e033fed8595be5
data/external/kerala_cee/raw/files/bpharm_special_allotlist.pdf,11673,.pdf,499a78fbf7b3ca9da76bc07d40410411725b1fcc22e39a158385e5fe1f16c3b9
data/external/kerala_cee/raw/files/bpitcc.pdf,53205,.pdf,f78b8659cfc044a114e772fecb437b92e131e1d71598135e734ee5a2946ab382
data/external/kerala_cee/raw/files/categorylist.pdf,1735956,.pdf,cae643792dcb6aabda78b90e6552326872ee4a49a45f7f45fa7252f9dc5d4381
data/external/kerala_cee/raw/files/community-trust.pdf,191004,.pdf,7048ad96d1279c755950f26bfea9986896514d837841edd3acfd09136c265e45
data/external/kerala_cee/raw/files/defect_list.pdf,3165312,.pdf,6359c84eaf145376f9e90e6979a66784652b93015e857069536c1ff5ae50d056
data/external/kerala_cee/raw/files/defects_list.pdf,2352736,.pdf,6e4e9aa6b7505672924f069d9a47d14d6ddd294a5fe4d46c858dec863708bd64
data/external/kerala_cee/raw/files/document-11.pdf,20126644,.pdf,partial:fa9bee65932450e2f8274bba57d3df4ed4b18459b2fca29a01e1bbb77c8af2d1
data/external/kerala_cee/raw/files/eng_pd_final.pdf,52193,.pdf,842b900594ab831079d6bfac0bdae9538d3917152b2ec17111761e0549a7dd4e
data/external/kerala_cee/raw/files/faq.pdf,184431,.pdf,df889adaa2c188338a26a2a7c1ac28ba4623cbf6303b8a00f8070203eafb0b7d
data/external/kerala_cee/raw/files/fee_structure.pdf,97243,.pdf,56a355036a872764692494e05887b35892b78c50c5bb73512828300a8752bd9a
data/external/kerala_cee/raw/files/feewaiverlist.pdf,1336457,.pdf,79e8f19b9edcd1020f4ebb5d69889f6f9daefb977c91d20b024a904fafd68670
data/external/kerala_cee/raw/files/howtoapply.pdf,2199244,.pdf,07319333045e9f65d8358258c58ae7ae83736ec3fde491278303ece76a5e966d
data/external/kerala_cee/raw/files/howtopay.pdf,279702,.pdf,da68df335a2695a6c42573bf0117c2040d47dc4bf803e2984ae01b1b8aeb9c04
data/external/kerala_cee/raw/files/howtoupload.pdf,1344882,.pdf,81f59bc9ae929843b0b3e6676bfbb6725295fc6971f59526af83b8f37b4464e2
data/external/kerala_cee/raw/files/last_rank_arch_p1_final.pdf,28913,.pdf,17f4f313c9ff0a4559b8e594e3e53720fe4f3d9159143338b35b1bc1480c40fe
data/external/kerala_cee/raw/files/last_rank_engg_p2_final.pdf,534743,.pdf,747c9df8d61e16e130df6860a25ccf557de36cc0b9ac907b91c854d1e4f098b6
data/external/kerala_cee/raw/files/lrank_allied_p1_final.pdf,45884,.pdf,3c151f281ecec896930120ff4c0272d5d7ec51d4afb0d3d631ff31c782f4dcf9
data/external/kerala_cee/raw/files/lrank_allied_p2_final.pdf,45762,.pdf,2d673e63986cce87f0da40cc849ffe17b937fd8b1bd7a88a213ba56982d31f44
data/external/kerala_cee/raw/files/lrank_allied_p3_final.pdf,45689,.pdf,a06b13f2ffa2a2e5f060d5fea68bd044760c9b7372746e8b775cc2481e67fb71
data/external/kerala_cee/raw/files/lrank_bpharm_final.pdf,48973,.pdf,eddc7b71eb1934c96d0c94965c8ed53c7b9a987c4ab0af400ae03f94188981ad
data/external/kerala_cee/raw/files/lrank_p2_bpharm_final.pdf,49577,.pdf,37cdb03c25e1b81bbdac671db8fa7a3d827f804b4623bc89da7e27a234772188
data/external/kerala_cee/raw/files/macat_final.pdf,1178532,.pdf,48255f98a475c5debc8c4582e7ba0fa8f893f6f3f718338af23714d81cbcd712
data/external/kerala_cee/raw/files/mapd_final.pdf,13661,.pdf,5b105c05ae2b39459ec1e9a198746e27a8451ea3bed63ac9ae5ff8ffa1f576c9
data/external/kerala_cee/raw/files/mapitcc_final.pdf,18858,.pdf,435a29be7b5076cc428cfb8298172c7f5aeb300f83231212f25c02c13248da62
data/external/kerala_cee/raw/files/maspecial_final.pdf,77194,.pdf,a729cf8aa3482fb7199826db0c604640ef63431284f51d944290bfeb9c43b150
data/external/kerala_cee/raw/files/mbbs_2019_eligible_candidate_list.pdf,1022171,.pdf,468b5112d6efc606fa4979add46f911e9bf23605370b5cff3f75d7d24ce6b4bd
data/external/kerala_cee/raw/files/mbbs_2019_eligible_candidate_list_2.pdf,881581,.pdf,80e54b51b7313ae292da131bb6555e80b90aad95782513678f3844d99093be2a
data/external/kerala_cee/raw/files/mbbs_lrank_final.pdf,51130,.pdf,4ff5db6b9a77a488e528348523ebc1ef25a274625a0870bac0ca7789c62c8533
data/external/kerala_cee/raw/files/mbbs_lrank_p2_final.pdf,52360,.pdf,34e36f8c7f2356832f5edd614570611544c185d11a8052bd16222843324e3eff
data/external/kerala_cee/raw/files/mbbs_lrank_p3_final2.pdf,51595,.pdf,2e0b290e66fdf1c827ce1b3a2efc7f7f650df9194cba6a65c9d2d8e3a2441b2d
data/external/kerala_cee/raw/files/mbbs_p1_final.pdf,695279,.pdf,bdb1b2200a5e583d92a7250b0b61c27c22d8eed21e8b3f218eca2122cfe379fb
data/external/kerala_cee/raw/files/mbbs_p2_final.pdf,815745,.pdf,d5c2624c81aab2fd00c9b67a8c3e4ff8d26a01443def91fd6df1b67ba0784884
data/external/kerala_cee/raw/files/mbbs_p3_final.pdf,861106,.pdf,8ab6a4c42e1777d91f1f47bbc459cdd3d123d53032a97c02599142cb449f63f3
data/external/kerala_cee/raw/files/mbbs_p4_final.pdf,38713,.pdf,de2c495fb85877052fc18c5539f06f7024723067c3e86757c46f7fc7a4edc2af
data/external/kerala_cee/raw/files/mbbsranklist.pdf,2827205,.pdf,280b35b8ca1e244fa48b331b65cd3a0767983bb8dd7244a3ee42d71a6abecc06
data/external/kerala_cee/raw/files/mbbsspecial_final.pdf,47996,.pdf,d1ebea37b961669b3b77f85bc6e26358c6bf77a97aea3a6107520aee70a63015
data/external/kerala_cee/raw/files/mbcat_final.pdf,1127879,.pdf,728d1ab1218e36077339455a8c86d38e9e324f128965a231fa2d5414a38137ea
data/external/kerala_cee/raw/files/mbcat_revised.pdf,102266,.pdf,71eae9d4e68a1a928cad43842ee35d9831004903332b23590a24dc5ffc9d4faa
data/external/kerala_cee/raw/files/mbminority_final.pdf,679928,.pdf,0360b6b61ddba6e450720136b75c3b8f106c6051e43bf8fe7d819478a5576f3e
data/external/kerala_cee/raw/files/mbnri_revised.pdf,45597,.pdf,44e021b5363e5b66a28a30e8d432591c138b050049ecac7741848c7d25474e00
data/external/kerala_cee/raw/files/mbpd_final.pdf,13131,.pdf,0b4674354b1db378ec99d0f1904fa107654638a7fbb8cf9554ee4997501f53a5
data/external/kerala_cee/raw/files/mbpitcc_final.pdf,17181,.pdf,58f8f8b8832e72c2046b79c41dbc31098817903d9e5aa5eea86fd368dc5e6e5e
data/external/kerala_cee/raw/files/medical_rank_revised_1192666.pdf,467446,.pdf,36ba0662a90847a8f1020e3f83a596e8253a65235384921764ebe56f83fcdc64
data/external/kerala_cee/raw/files/medical_sc_cat_revised_1192666.pdf,547419,.pdf,357685e5d3725e1c40ec2e74ebecfe30824d2a63a2618a204320c0cfbc178884
data/external/kerala_cee/raw/files/merit_lower_fee.pdf,502373,.pdf,02452d0804fcbd4468e5d4ad0628b16e1c1170c0d19e57eb2d4b4a9e115fc0b4
data/external/kerala_cee/raw/files/minority.pdf,1068084,.pdf,274312255315efa4adedc07985d766131c726bccb14394e3bf4cb5e510cfd9ad
data/external/kerala_cee/raw/files/noti_bpl_20201229.pdf,832574,.pdf,45c80166c41e7fedb0f009705f1e95887f87709f57577c61a45f42c586e6e9c4
data/external/kerala_cee/raw/files/p1_arch_final.pdf,84155,.pdf,a5a49aa7f8573f55762f0030c670deaef3583fa130ca8a34684998960ff6e554
data/external/kerala_cee/raw/files/p1_engg_final.pdf,3604196,.pdf,20cf67ef114c7491cdaf91d093a09337244f2ed906994539f93a5e3ad46e4a43
data/external/kerala_cee/raw/files/p1_last_rank_final.pdf,554897,.pdf,c34c0990ff97f36293b5a463a4fea01b9661713fa8de81a8326f0aaf5d0301b7
data/external/kerala_cee/raw/files/p2_arch_final.pdf,73399,.pdf,741c4308198033318ac460cf7df41419de8d442a4f12e63ef17aab6999b251d0
data/external/kerala_cee/raw/files/p2_engg_final.pdf,3339585,.pdf,f22bca4601605291167b5a050d6a0cb8141f3be8e3d4dc17269ee0f586787d0e
data/external/kerala_cee/raw/files/p3_arch_final.pdf,89682,.pdf,c2cb3706f39df4b31b227d02d32e06615c677b464e11e445a919db6f0fb55ffd
data/external/kerala_cee/raw/files/p3_bpharm_final.pdf,294398,.pdf,dc798bd75c54e6e8c2b942c8e838ddc0fbf8eab24be5299ea1ddb9502a6bffdf
data/external/kerala_cee/raw/files/p3_engg_final.pdf,4008684,.pdf,8068f65decc25869454584d77ea98f5b9d4b105391ef6bcc91a6fa470b1313e3
data/external/kerala_cee/raw/files/p4_engg_stray.pdf,1081666,.pdf,20d4fd8f481b430c3ade239394bc9782f15304a581532855b3e35992bdb2ac44
data/external/kerala_cee/raw/files/pgm_defectlist.pdf,116381,.pdf,823f586bb66e3a4e9edded0ddd5e87bc578a0d065830e81f25b65eee0cb41ac3
data/external/kerala_cee/raw/files/pgm_ineligiblelist.pdf,257331,.pdf,7ba84bbe1393224f85adadaf72e63eca1d038e5142594275433426184ba83fc6
data/external/kerala_cee/raw/files/pitcc.pdf,58483,.pdf,ab3011eadbaa015da6575c6ea09672a866e6ce720fec37bc125068a2b3b8968a
data/external/kerala_cee/raw/files/prerequisites.pdf,925444,.pdf,1c88b065816dfed187d46e1d62c61a8022fe37cf61c4af1a2de54ccc4e2f4c56
data/external/kerala_cee/raw/files/rcategorylist.pdf,63337,.pdf,d002a26a85d590e466e43441251ddb8131f12a3d11fb947174f0e75ca001eea6
data/external/kerala_cee/raw/files/refund_list_applno.pdf,14439379,.pdf,partial:4ea04f91045f15cf7e6f9aabbc2d9281ce741d9bacdad9ec253fb70de96810b0
data/external/kerala_cee/raw/files/rejectreasons.pdf,498273,.pdf,6cd26d882198a644af28feb595079f91ae77234115aaa1ad639f82cd2e9cfa1a
data/external/kerala_cee/raw/files/revised2_allied_rank_final.pdf,2697207,.pdf,e2a39c33eab880d37411335f0ff81f46e310de4e66b5c41604cab36bb9d63976
data/external/kerala_cee/raw/files/revised2_ayur_rank_final.pdf,2520474,.pdf,574610519bd37643304d0d3e0d74569e37c7ce38590e4764e587dfb6f81eaeab
data/external/kerala_cee/raw/files/revised3_allied_rank_final.pdf,2697450,.pdf,00a7173cb578430fd5f87cbd9ebe74cd84e6570ec9590591f4acb7fb4832cec7
data/external/kerala_cee/raw/files/revised3_ayur_rank_final.pdf,2520612,.pdf,9e19586932ea6a117b79a2b9c9ec956cff21d5e144e3af447d0cc7c617a57907
data/external/kerala_cee/raw/files/revised4_allied_rank_final.pdf,2698052,.pdf,8a20511f340a59c0083b3c004da098919a58025f0ea6f07c5c1da06c53038353
data/external/kerala_cee/raw/files/revised4_ayur_rank_final.pdf,2520819,.pdf,cce1b90204b3838e3f643f894a0f73ea1b8bc4a381eb236dc844d6ffff448a6d
data/external/kerala_cee/raw/files/revised5_allied_rank_final.pdf,2698057,.pdf,bb31c7ebd05b4f4bad484ef5527edce5736cb97000c12353a1de0f5625c8b4e6
data/external/kerala_cee/raw/files/revised5_ayur_rank_final.pdf,2521188,.pdf,6e2d6d32626d0b4364459d32b259fb89d01c680775608e49bc6072d071207390
data/external/kerala_cee/raw/files/rpitcc.pdf,11476,.pdf,576d69f590b26166da9a7a304a32639b35cef44ef1dcf127920269ae0cc5eda5
data/external/kerala_cee/raw/files/rspeciallist.pdf,5957,.pdf,92f7dd8e9effe67ff6fc44e4fb01f67a46098b766d38e26d0772cfd6212863d0
data/external/kerala_cee/raw/files/service_HSQ_revised.pdf,19793,.pdf,ab87ee3de05c638e638fa95c204667aa6ae51707a46264f0599295c598a14088
data/external/kerala_cee/raw/files/service_IMQ_revised.pdf,11664,.pdf,695b3245aa2bd0d94f0354587b9b7f791c42646dd1e821fb4003c5bcfe454799
data/external/kerala_cee/raw/files/speciallist.pdf,97512,.pdf,bdb3812d1db2249ee45fc82d28c20d92291f0211ce37af47af557e69829e3c27
data/external/kerala_cee/raw/files/weightage20210319.pdf,698696,.pdf,efbfa6bb023d5d9137b53f840b06d83df3a40016e8ae0fcdb00510cf942f52ae
data/external/kerala_cee/raw/files/weightage20220226.pdf,63703,.pdf,0e32f0353fcc303aa52bf285c4c4be76dea6ff5880a1326eb1f711b5fe58da5b
data/external/kerala_cee/raw/files/weightagemark_3.pdf,936657,.pdf,1cdc44660cca9c3f9023fc679bbfb2839b76a20b15d5e3b064115276e7b69072
data/external/kerala_cee/raw/files/weigtage__mark_200421.pdf,766743,.pdf,84c809fbb6a810d2444dab64cec6413774b455bd1820591422bf4ea4b6ac8992
data/external/kerala_cee/raw/files/weigtage_mark_03092021.pdf,1334923,.pdf,5bcaf641514115a8c72e57c392414c88a9c93bb61d30f90a9a0560f89c2561e1
data/external/kerala_cee/raw/files/weigtage_mark_25102021.pdf,739790,.pdf,060588052e00b2d4f983e3c48c371a70b8aa4d26d827a8061a48d1f40725c501
data/external/kerala_cee/raw/keam2025_allotlist.html,14182,.html,b3d9241f4c5caec1cf63d9e1f91d930997460520f386056d5f5519983cbf4947
data/external/kerala_cee/raw/keam2025_catlist.html,18044,.html,5f30d004408cf8252c830d265fbbd1098d6bc3275d46358b91953ae05446c0ea
data/external/kerala_cee/raw/keam2025_home.html,12000,.html,a20062b7a20f802fbf1730fce54e4c28985f44875750b7534f0e8dfa7b337f68
data/external/kerala_cee/raw/keam2025_last_rank.html,10152,.html,0a03bf2de76cad165320305ef9aab9d5221c4fe087f465b2726ad920d2ee319f
data/external/kerala_cee/raw/keam2025_ranklist.html,10274,.html,dad861fa53d19b835c59fb5c9c5f39ea32187f0e644a1be509f0ecb3433d671b
data/external/kerala_cee/raw/keam2026_notification.html,14981,.html,8b79a2c15d9bf1e8b709c2bb5e36572d4f7c1cc87e2d0b286ce3e4eb05fce9f2
data/external/literature/raw/cureus_neet_anxiety_2020.pdf,1817,.pdf,c15221ade5d2e8473d92d36871e5b3c398f518353b875b426b915bcb0c3b4e1b
data/external/ncrb/raw/1652958572_InternshipPolicy2020.pdf,192946,.pdf,c6c175810ef2bd8af8c950b0b1591d0c9cd6876b1f167d793a6720c2d17c556c
data/external/ncrb/raw/1691130450Hackathon-Result-2023.pdf,590906,.pdf,4f0bee454c853d5fc49826be430077ca98b921a1c36ad8f47a01c3563cb2dc8a
data/external/ncrb/raw/1695543709ICC-Women.pdf,86435,.pdf,7cf29d5e235c9a5f368bd8014c3deb6b6da584e383ceefd100982f45cc6a7b5b
data/external/ncrb/raw/1695964837getlatlng18012017.zip,3441640,.zip,7eb524a4e7dc138355ec5478e1bb5b1bdf7dc29aa66ef3f117f8fa7d40d36b8a
data/external/ncrb/raw/1703246581Book.pdf,17841906,.pdf,partial:438d5d569015477756b08def819bb1b7bdb834ece9b24be4ec8e2709bf7e5fd8
data/external/ncrb/raw/ANNEXUREA-FINALRESULT.pdf,1264809,.pdf,b46100967ec9f768df0c7c7094b98b2d5bb129ecdd0d65b508efcabde2d33713
data/external/ncrb/raw/Newsletter-Dec2025.pdf,16448672,.pdf,partial:3dc70754e4b2a165b30c260d06e98f1d44876d48230c7d34f8544b7b3bcdfdd1
data/external/ncrb/raw/TrainingCalendar2026-27final.pdf,880033,.pdf,249f8b76b1d877bd9eea1e355fd49a35d3495859f8f7ad7db56128891b0eb64f
data/external/ncrb/raw/_page_accidental-deaths-suicides-in-india-adsi.html.html,60412,.html,e5021fc999f2c6a7acc7a35d052d3d7f8b905bbd2d5e35ea9b70534f5418dd69
data/external/neet-2024-center-marks.csv,33800799,.csv,partial:212dabcba121fc146ce8c58a2230eb641b5bdd33c75fbaf5bbbe0f2c8a370578
data/external/nirf/raw/IR-D-C-13844.pdf,8835,.pdf,2346f5e8ba353ed2ac58b075133893602114a92e1b0a046be3e20c27ae65937d
data/external/nirf/raw/IR-D-C-16424.pdf,9698,.pdf,9925739e44f3eee28d62826b86bc3f6e65783e8b5b50c62e2b1e1c136ac5cca4
data/external/nirf/raw/IR-D-C-16428.pdf,8882,.pdf,f87577b7068ab48bed5c4877250f801412b2ea5381e9a1f221e9a14989abaa95
data/external/nirf/raw/IR-D-C-22461.pdf,8646,.pdf,e49cbaf473013547a537c57ed23b39e5df66a81357d4cb016843d433de6a7e5f
data/external/nirf/raw/IR-D-C-29209.pdf,8692,.pdf,0b306d53b098c5ad3e3b33cbe6e16f8035b712a1e7e5a59eb139dfedeccb782d
data/external/nirf/raw/IR-D-C-29255.pdf,8524,.pdf,4d80f31fc2de6c65076d32957004e48e09346ddf8c3734a8ecc104edda09ccc9
data/external/nirf/raw/IR-D-C-29442.pdf,8732,.pdf,44935159f5b8768ccac286ef54d8eafe23087d7fd126c6a6af5b62747bc4c33e
data/external/nirf/raw/IR-D-C-30588.pdf,10249,.pdf,f7ca124c3213005895b2f3b277d463a801a37c4ef5b68a316c22ebcc77f7c0a9
data/external/nirf/raw/IR-D-C-30767.pdf,9891,.pdf,96340ccd1a0516438dfaa4e2b4400240b53c68d29d9352527377383def3b8218
data/external/nirf/raw/IR-D-C-32922.pdf,8609,.pdf,f7abfbc34f8fceb6a9dd73d8a62caadd9fa7a5f6d3df4002ed54c424b30f692a
data/external/nirf/raw/IR-D-C-35009.pdf,10030,.pdf,c64e287dd9d0786fdcb261ce89de588a9edbf65fb2fb5f5e033d0b1bfddc62fc
data/external/nirf/raw/IR-D-C-40345.pdf,8763,.pdf,8ad484f08b2b472ac334f244553ea1bbb43fb328f8a246033531dbc9cce875df
data/external/nirf/raw/IR-D-C-40453.pdf,9964,.pdf,cf6fda07b2a188edc6c7942d80109e82f2189602ae6865678aaef8b3515ba232
data/external/nirf/raw/IR-D-C-45515.pdf,10297,.pdf,4da13d070c1427dabee14a303bacb8f84ceb23bb69dda300a15a8fba57f0ad56
data/external/nirf/raw/IR-D-C-45654.pdf,10539,.pdf,5c28cfca675db22f8be76bac2e7f058b7c31fe904f8bf355504d554f5a3d488f
data/external/nirf/raw/IR-D-C-47762.pdf,8955,.pdf,158b430ec6a4b627873b2bb7e21c217354c0996adaef82033b3c28de38c43ab5
data/external/nirf/raw/IR-D-C-48124.pdf,8726,.pdf,a64497a0c7b927d6d5b122f7d6c635a819b99bd4135fcbcad1255d1915f49233
data/external/nirf/raw/IR-D-C-49008.pdf,10142,.pdf,b8fba12661303dc474ceeb7a34208af033fefc68688c6bd23b126c6ff1f01e18
data/external/nirf/raw/IR-D-C-5838.pdf,7768,.pdf,294391346a2ed134c4cecb72a5eb64c8e2fa0ad66be54b1c827cc407a4983b2c
data/external/nirf/raw/IR-D-C-6414.pdf,10268,.pdf,c82eca9cf67a93a4a1be8e7ae69e165e4337b87a6edfa02bf34762a5151254f8
data/external/nirf/raw/IR-D-C-7242.pdf,9027,.pdf,7dc3e3c3bb4128a6083ef2667d636c2d5dff87d61f5ca77cff5fdddfbb6aa796
data/external/nirf/raw/IR-D-C-7251.pdf,8902,.pdf,291a5712c22b9e13f24aa71ce0ca638b107e75abb8ba1af7b6cd6e924a850445
data/external/nirf/raw/IR-D-I-1110.pdf,9044,.pdf,97cf74b377efd1de4a5e08d8c84b2b374c0c1e082b11bdb97e4471c87cb1e18e
data/external/nirf/raw/IR-D-I-1409.pdf,9886,.pdf,fc12dfd6ea258b0fc889ab61de6f50a1caa8e94317ac21769d619a4e41291ca4
data/external/nirf/raw/IR-D-I-1441.pdf,8657,.pdf,603940cd72716b5a92af789865390532a466de8f5cf15e0725fc2f7c805dcf31
data/external/nirf/raw/IR-D-I-1486.pdf,8935,.pdf,7f68bf530524351bec59d2cdd87b0aa86c4fce24ba3be87641e432ea7134bbbd
data/external/nirf/raw/IR-D-N-15.pdf,10077,.pdf,ffa5d83306743d65fa4d25623958278ac064331403e18091cbd1aa27c746e5d3
data/external/nirf/raw/IR-D-N-17.pdf,8428,.pdf,45b86df3ba10f80af6392aecd4e74868839ee2e59aa4514a9eb764bfd95c8ace
data/external/nirf/raw/IR-D-N-33.pdf,8670,.pdf,9e735e9db7a0811cf301dd16acfedc6c088cc6f6c2e42ffea724de22be27881f
data/external/nirf/raw/IR-D-U-0079.pdf,8944,.pdf,4350909f977e53788b9935774d1744c07ab6d4a6af6a1d3d9cec7f90ed191edf
data/external/nirf/raw/IR-D-U-0106.pdf,7649,.pdf,523a4373fc700e06e94917633f32b18d17e17682339b95ba41a26f96fb34a7b0
data/external/nirf/raw/IR-D-U-0107.pdf,9796,.pdf,e8459c68dbe795a323af8de56ab4f336aa3889c075bafd42d8ef1f50f987b4c5
data/external/nirf/raw/IR-D-U-0168.pdf,8831,.pdf,4bd7f82421b2b631e57acfb1c11e4b513937cd48f58fcfe1c43e6d693ef082ef
data/external/nirf/raw/IR-D-U-0236.pdf,8699,.pdf,4af71ccdde81a6757bed5863929d5303de4d2db91fd46acc01cc5d39bd0039c9
data/external/nirf/raw/IR-D-U-0266.pdf,8700,.pdf,293072f64bfa8b838d3415e8cb6182f7191f11d3602b810bd1ca7ec68836ee69
data/external/nirf/raw/IR-D-U-0295.pdf,8760,.pdf,3ec1023905c7a221fb4bf9ec02a34ca6d1dd3d8150aa2cb6e8dadc46db71182f
data/external/nirf/raw/IR-D-U-0356.pdf,8704,.pdf,d12184b44c0adf70c6b7f7afb7eb09b6c6672c62edcd96c0fde3452f2f974b35
data/external/nirf/raw/IR-D-U-0363.pdf,8932,.pdf,f6c895f7c0ff9256daf358a387d4607ca25b14dea72d19242a76c5995040aefe
data/external/nirf/raw/IR-D-U-0368.pdf,9866,.pdf,44ba36aa221960ddc7aac25913778d7fc4fee51f31c37ebfd33cd08810f6b292
data/external/nirf/raw/IR-D-U-0436.pdf,8733,.pdf,c16951db62cf0c4e0f0d82d2d6346a0aca107798cfa96039671e119678f6452a
data/external/nirf/raw/IR-D-U-0473.pdf,8814,.pdf,d67bc4d0d7c73ea3e3cb20abeb7cb1ee148d23cfcf487771a8dba3c19c4ab396
data/external/nirf/raw/IR-D-U-0496.pdf,9855,.pdf,e698e3e5cc51ecf9f316a652a791576fa61184cb7b90427c4a1967823109bdc9
data/external/nirf/raw/IR-D-U-0500.pdf,8687,.pdf,41921764eaded7e505673761b98add72c99072446f334cff2215b6496686eed2
data/external/nirf/raw/IR-D-U-0523.pdf,8799,.pdf,b4588a19ac91e8479b5ffdc7803fa89cef70bc597753fb4682f9fa868ff217f3
data/external/nirf/raw/IR-D-U-0686.pdf,9905,.pdf,473d264fd562726c9a346d3f69391cc83b0494fbdb6bc99a03e7cae22c00ad5a
data/external/nirf/raw/IR-D-U-0687.pdf,10111,.pdf,880d78d914723a9a864c736471ea2bbc53b5f363aa28e95b08de0cbd18def4a5
data/external/nirf/raw/IR-D-U-0688.pdf,8771,.pdf,34856ed7f27380677307e840cfe67f7e416d35a6510b0b206f9c02c444394252
data/external/nirf/raw/IR-D-U-0689.pdf,10369,.pdf,7b48edb8bec606b5255fb5782c6b6e0498266d5182833aa1b752aff0e7cb8fb0
data/external/nirf/raw/IR-D-U-0690.pdf,9018,.pdf,88b17bd1215094a3ed3df003008e9138a791e3801349f2739c3781eeeb98ee01
data/external/nirf/raw/IR-D-U-0691.pdf,10062,.pdf,161147f7a6a89487b78acece04d0a157277fc4e51317c22df0309a5b0addc986
data/external/nirf/raw/MedicalRanking_2023.html,60446,.html,0f397a65c426555ce425327bdde5527f20d6be10d9ea7885d11d2e3eef06dcb7
data/external/nirf/raw/MedicalRanking_2024.html,60615,.html,329a00a6e79ec6c13da86bc16998a60c6ae5969a5c1b75620049d761760c1319
data/external/nirf/raw/MedicalRanking_2025.html,183858,.html,dda9ee1bb9fef22ec4103b9c4dd870f78948ae0ac2f09c3c0446adc07cb78d04
data/external/nirf/raw/_page_MedicalRanking.html.html,60615,.html,329a00a6e79ec6c13da86bc16998a60c6ae5969a5c1b75620049d761760c1319
data/external/nirf/raw/_page_page.html,26355,.html,4e5b0d241e0410e9d044bdebe558caa833d01f3606a78a8af932f099993c3270
data/external/nirf/raw/ranking_MedicalRanking.html.html,60615,.html,329a00a6e79ec6c13da86bc16998a60c6ae5969a5c1b75620049d761760c1319
data/external/nirf/raw/ranking_file.html,26355,.html,4e5b0d241e0410e9d044bdebe558caa833d01f3606a78a8af932f099993c3270
data/external/nirf/raw/reports/2023_IR-D-C-16424.pdf,9576,.pdf,ffc119498c7fb70d77c4a53fc91770b96785499fcf4a6658b1a5fd9d0107f05c
data/external/nirf/raw/reports/2023_IR-D-C-16428.pdf,8760,.pdf,83c388fc7ab2f4028581a44d26ac470fa0c17e3519eacd2e1b80ca88c21518c9
data/external/nirf/raw/reports/2023_IR-D-C-22461.pdf,8626,.pdf,73a607d0ae1db2ec98ce6d598b01d5792593c9027be388766e030aa8146a3340
data/external/nirf/raw/reports/2023_IR-D-C-29209.pdf,8633,.pdf,e0f3ecb03a5ea85562daee58402d7812bba48d1b7b46f5d607efef5c8b623bf7
data/external/nirf/raw/reports/2023_IR-D-C-29255.pdf,8540,.pdf,2ddc83c490ee14804c7328826a3e4f24c1db68b237f7d696402806e28b376dfb
data/external/nirf/raw/reports/2023_IR-D-C-29442.pdf,8643,.pdf,26041efdfea677c7827cf0322a52288a54efa0d35c4c304d270733a3e053e839
data/external/nirf/raw/reports/2023_IR-D-C-30767.pdf,9794,.pdf,3db80de7ddd9c390eef3d47bb5aaa13e5b91c39d080ed74ecd8948efd1c3a0d8
data/external/nirf/raw/reports/2023_IR-D-C-32922.pdf,8541,.pdf,029ea0fd1bf813aea958ebc5f33cd6b0ebe8c3f73adb33e8bd7a877e564e05e8
data/external/nirf/raw/reports/2023_IR-D-C-35009.pdf,10250,.pdf,666b6653ae1a275e2c2067471f504d17390ae44e7844182c7bf508d03944fe71
data/external/nirf/raw/reports/2023_IR-D-C-40345.pdf,8700,.pdf,69c4c568a233bdb5be162eae51f99bb5cc851a46f5f95ca6446654fa6829dfc3
data/external/nirf/raw/reports/2023_IR-D-C-40453.pdf,9994,.pdf,db81601df923b4dd299f3e2ad79c394386bcd5ebc99944c2dbb8b6c35d00c00c
data/external/nirf/raw/reports/2023_IR-D-C-45515.pdf,10329,.pdf,29ca90c978031dfe74c591a3e63c50eb626e031e6b1517f5cefa5c0b68d584d4
data/external/nirf/raw/reports/2023_IR-D-C-45654.pdf,10354,.pdf,2cd2a92f335593ad87430deda06ffba1ca394d0a4377a2eae0e55963161c8b72
data/external/nirf/raw/reports/2023_IR-D-C-47762.pdf,8906,.pdf,0460ebcefd61b6e4f9bf15e641d8ce88275054a758034ae728bb3b42894dba78
data/external/nirf/raw/reports/2023_IR-D-C-48124.pdf,8605,.pdf,f3c83ec143799adb1a7b031d9107c9ea607046e5506eb6b3863389b0b1631d15
data/external/nirf/raw/reports/2023_IR-D-C-49008.pdf,9997,.pdf,ad6568024502b949c27b0103a506c4e48c2753c99296a440ebb934b7b5a094f2
data/external/nirf/raw/reports/2023_IR-D-C-5838.pdf,7728,.pdf,61eff0b4d8d23cc3a2a39ca5d530930ef76fa72c1a4d4eff3701161cac692522
data/external/nirf/raw/reports/2023_IR-D-C-6051.pdf,8596,.pdf,6b31b58f04ece2c5ea8805245738881b1b7b0a8614d5e386cee2f6c6820b6aac
data/external/nirf/raw/reports/2023_IR-D-C-6414.pdf,9684,.pdf,d4623915c5a10597387a83e0a2fb9e2464427d067ff6fe2bbad3d7fd41018d88
data/external/nirf/raw/reports/2023_IR-D-C-7242.pdf,8931,.pdf,d1de3c0e12aab08b816c9d132a1c6c69a03599b8473c8a827837c1f50915252f
data/external/nirf/raw/reports/2023_IR-D-C-7251.pdf,8920,.pdf,b81022ad9350d28591efb78fb34b7c0c4b095130dcf94f4c4f19195ce0445d7b
data/external/nirf/raw/reports/2023_IR-D-I-1110.pdf,8963,.pdf,6ff05942d8f6f676b1a5a6f73dae9498578f37ea501592eb8c2c7f7754c1f374
data/external/nirf/raw/reports/2023_IR-D-I-1409.pdf,9826,.pdf,a5cc40f5c0040ab46abdcc689f5141d1fa6542b6702407521bb8a941c0898049
data/external/nirf/raw/reports/2023_IR-D-I-1441.pdf,8592,.pdf,5de0591ec200807d857aa4d55e43a689fc342ab0bdd49e61902c2b690daf19ea
data/external/nirf/raw/reports/2023_IR-D-I-1486.pdf,8994,.pdf,ab625a1a7fc579346d89810c05e1a4a2ac9a3ec59ded89e5365a2810d33866f7
data/external/nirf/raw/reports/2023_IR-D-N-15.pdf,9968,.pdf,403dd510c08f065639dfead9eb3ed4e5c2b0767d42cbf0f7b92fb49a6ca5d07b
data/external/nirf/raw/reports/2023_IR-D-N-17.pdf,8409,.pdf,4d66069ea12ce93de6618b72680424146f33ff6bf078beb4d303b9464d9b1c9b
data/external/nirf/raw/reports/2023_IR-D-N-33.pdf,8545,.pdf,b49b5c604ab812cfe8e68188018fc5ef52ae4e686845c80122897a67af994fee
data/external/nirf/raw/reports/2023_IR-D-U-0079.pdf,8905,.pdf,9620c201091f8d9311c17626f6538204f0659185f1fe2ee1bd0dbc37c283eefc
data/external/nirf/raw/reports/2023_IR-D-U-0106.pdf,7623,.pdf,0caa06cda2f32bf90a29a7a103bac6675252bbb62136b1367f69db5035f6b0ec
data/external/nirf/raw/reports/2023_IR-D-U-0107.pdf,9740,.pdf,cc848e9ec14cf40b32aef37fa38b1cf2891af92f5e380cdca18ca6e12d65caed
data/external/nirf/raw/reports/2023_IR-D-U-0168.pdf,8762,.pdf,ac3e2dbae60f3e76b272a1070f47a6564bd3a72899be0a1adaef42e416be0c55
data/external/nirf/raw/reports/2023_IR-D-U-0236.pdf,8710,.pdf,d78565fe7ddfdcfaf4e2d21ed21b2c1e21ffdbc398b3fe3768e4b2e4588cc282
data/external/nirf/raw/reports/2023_IR-D-U-0266.pdf,8548,.pdf,a7b10f591ee867ecec3cfb7088945db594ad14f563d5b05b79c7bca9588f2c90
data/external/nirf/raw/reports/2023_IR-D-U-0295.pdf,9920,.pdf,4b2b3f72724f8c0a58f826392ca685dbde15211ff73e258418b7c461aac5a35c
data/external/nirf/raw/reports/2023_IR-D-U-0356.pdf,8705,.pdf,7515f0561ae65a328f88df29467cfa72df84ee3f4aa968f5bd9a0133fb98c1e1
data/external/nirf/raw/reports/2023_IR-D-U-0363.pdf,8938,.pdf,39045ead76d359ff08b5fbe0adf81843f12538c78971b9f9a75ef598383e029c
data/external/nirf/raw/reports/2023_IR-D-U-0368.pdf,9853,.pdf,43b2ddca23baaac83769aaf99ec14e014eece7d79eb733839e403b4909813210
data/external/nirf/raw/reports/2023_IR-D-U-0436.pdf,8701,.pdf,06c0cc69a173ac9f4cafbb28378b7034dc9ef2932b4301b7ce50094357023129
data/external/nirf/raw/reports/2023_IR-D-U-0451.pdf,10415,.pdf,9b13d56a7429e89394937003e25995f3692ebc9d6b94109cf7009703732124ac
data/external/nirf/raw/reports/2023_IR-D-U-0473.pdf,8774,.pdf,9a86d6e8a73fdc785794f34afa16707a0ebb5606fd8b4cd0da4a9b71ba714015
data/external/nirf/raw/reports/2023_IR-D-U-0496.pdf,9864,.pdf,082be9ad77dafdf821431f428a2e2f5d534923c2eff9bb95c6a7db70261cfa8d
data/external/nirf/raw/reports/2023_IR-D-U-0500.pdf,8667,.pdf,746690974bda74239067c31a9b17521bad6072ed8c9d6edab31a75956c3cf0ff
data/external/nirf/raw/reports/2023_IR-D-U-0523.pdf,9942,.pdf,742172ab55f8b781a25696fe9a8ed5b595a37913518b429336fac10788262822
data/external/nirf/raw/reports/2023_IR-D-U-0686.pdf,8689,.pdf,0c1c912d69228ef92673e220c339caf24809edf6b45399f16c317a0b77d9c30a
data/external/nirf/raw/reports/2023_IR-D-U-0687.pdf,8630,.pdf,810f17305d434e5a55c067b2565e182c767c6577c246b0394f2c20d657ccf510
data/external/nirf/raw/reports/2023_IR-D-U-0688.pdf,8714,.pdf,4f06b7b38ffe548475bdde0a949ecb612e9002ed7575f8f85f7c8a5f8d3d95a9
data/external/nirf/raw/reports/2023_IR-D-U-0689.pdf,10346,.pdf,cb7ef0503fcd5b792c27e1f4dedf1e382d08f21409bf1a9ce1f70a83f8290e10
data/external/nirf/raw/reports/2023_IR-D-U-0690.pdf,8932,.pdf,e5d4d80099112405a9433e5172e67119c1db5f8d6ab08ccf44a6c0477c12bad5
data/external/nirf/raw/reports/2023_IR-D-U-0691.pdf,9981,.pdf,2d7a7ea54b8fe0af44720f3cfb26043d6537d6e916d2e5f1dcf1f5971db9358a
data/external/nirf/raw/reports/2024_IR-D-C-13844.pdf,8835,.pdf,2346f5e8ba353ed2ac58b075133893602114a92e1b0a046be3e20c27ae65937d
data/external/nirf/raw/reports/2024_IR-D-C-16424.pdf,9698,.pdf,9925739e44f3eee28d62826b86bc3f6e65783e8b5b50c62e2b1e1c136ac5cca4
data/external/nirf/raw/reports/2024_IR-D-C-16428.pdf,8882,.pdf,f87577b7068ab48bed5c4877250f801412b2ea5381e9a1f221e9a14989abaa95
data/external/nirf/raw/reports/2024_IR-D-C-22461.pdf,8646,.pdf,e49cbaf473013547a537c57ed23b39e5df66a81357d4cb016843d433de6a7e5f
data/external/nirf/raw/reports/2024_IR-D-C-29209.pdf,8692,.pdf,0b306d53b098c5ad3e3b33cbe6e16f8035b712a1e7e5a59eb139dfedeccb782d
data/external/nirf/raw/reports/2024_IR-D-C-29255.pdf,8524,.pdf,4d80f31fc2de6c65076d32957004e48e09346ddf8c3734a8ecc104edda09ccc9
data/external/nirf/raw/reports/2024_IR-D-C-29442.pdf,8732,.pdf,44935159f5b8768ccac286ef54d8eafe23087d7fd126c6a6af5b62747bc4c33e
data/external/nirf/raw/reports/2024_IR-D-C-30588.pdf,10249,.pdf,f7ca124c3213005895b2f3b277d463a801a37c4ef5b68a316c22ebcc77f7c0a9
data/external/nirf/raw/reports/2024_IR-D-C-30767.pdf,9891,.pdf,96340ccd1a0516438dfaa4e2b4400240b53c68d29d9352527377383def3b8218
data/external/nirf/raw/reports/2024_IR-D-C-32922.pdf,8609,.pdf,f7abfbc34f8fceb6a9dd73d8a62caadd9fa7a5f6d3df4002ed54c424b30f692a
data/external/nirf/raw/reports/2024_IR-D-C-35009.pdf,10030,.pdf,c64e287dd9d0786fdcb261ce89de588a9edbf65fb2fb5f5e033d0b1bfddc62fc
data/external/nirf/raw/reports/2024_IR-D-C-40345.pdf,8763,.pdf,8ad484f08b2b472ac334f244553ea1bbb43fb328f8a246033531dbc9cce875df
data/external/nirf/raw/reports/2024_IR-D-C-40453.pdf,9964,.pdf,cf6fda07b2a188edc6c7942d80109e82f2189602ae6865678aaef8b3515ba232
data/external/nirf/raw/reports/2024_IR-D-C-45515.pdf,10297,.pdf,4da13d070c1427dabee14a303bacb8f84ceb23bb69dda300a15a8fba57f0ad56
data/external/nirf/raw/reports/2024_IR-D-C-45654.pdf,10539,.pdf,5c28cfca675db22f8be76bac2e7f058b7c31fe904f8bf355504d554f5a3d488f
data/external/nirf/raw/reports/2024_IR-D-C-47762.pdf,8955,.pdf,158b430ec6a4b627873b2bb7e21c217354c0996adaef82033b3c28de38c43ab5
data/external/nirf/raw/reports/2024_IR-D-C-48124.pdf,8726,.pdf,a64497a0c7b927d6d5b122f7d6c635a819b99bd4135fcbcad1255d1915f49233
data/external/nirf/raw/reports/2024_IR-D-C-49008.pdf,10142,.pdf,b8fba12661303dc474ceeb7a34208af033fefc68688c6bd23b126c6ff1f01e18
data/external/nirf/raw/reports/2024_IR-D-C-5838.pdf,7768,.pdf,294391346a2ed134c4cecb72a5eb64c8e2fa0ad66be54b1c827cc407a4983b2c
data/external/nirf/raw/reports/2024_IR-D-C-6414.pdf,10268,.pdf,c82eca9cf67a93a4a1be8e7ae69e165e4337b87a6edfa02bf34762a5151254f8
data/external/nirf/raw/reports/2024_IR-D-C-7242.pdf,9027,.pdf,7dc3e3c3bb4128a6083ef2667d636c2d5dff87d61f5ca77cff5fdddfbb6aa796
data/external/nirf/raw/reports/2024_IR-D-C-7251.pdf,8902,.pdf,291a5712c22b9e13f24aa71ce0ca638b107e75abb8ba1af7b6cd6e924a850445
data/external/nirf/raw/reports/2024_IR-D-I-1110.pdf,9044,.pdf,97cf74b377efd1de4a5e08d8c84b2b374c0c1e082b11bdb97e4471c87cb1e18e
data/external/nirf/raw/reports/2024_IR-D-I-1409.pdf,9886,.pdf,fc12dfd6ea258b0fc889ab61de6f50a1caa8e94317ac21769d619a4e41291ca4
data/external/nirf/raw/reports/2024_IR-D-I-1441.pdf,8657,.pdf,603940cd72716b5a92af789865390532a466de8f5cf15e0725fc2f7c805dcf31
data/external/nirf/raw/reports/2024_IR-D-I-1486.pdf,8935,.pdf,7f68bf530524351bec59d2cdd87b0aa86c4fce24ba3be87641e432ea7134bbbd
data/external/nirf/raw/reports/2024_IR-D-N-15.pdf,10077,.pdf,ffa5d83306743d65fa4d25623958278ac064331403e18091cbd1aa27c746e5d3
data/external/nirf/raw/reports/2024_IR-D-N-17.pdf,8428,.pdf,45b86df3ba10f80af6392aecd4e74868839ee2e59aa4514a9eb764bfd95c8ace
data/external/nirf/raw/reports/2024_IR-D-N-33.pdf,8670,.pdf,9e735e9db7a0811cf301dd16acfedc6c088cc6f6c2e42ffea724de22be27881f
data/external/nirf/raw/reports/2024_IR-D-U-0079.pdf,8944,.pdf,4350909f977e53788b9935774d1744c07ab6d4a6af6a1d3d9cec7f90ed191edf
data/external/nirf/raw/reports/2024_IR-D-U-0106.pdf,7649,.pdf,523a4373fc700e06e94917633f32b18d17e17682339b95ba41a26f96fb34a7b0
data/external/nirf/raw/reports/2024_IR-D-U-0107.pdf,9796,.pdf,e8459c68dbe795a323af8de56ab4f336aa3889c075bafd42d8ef1f50f987b4c5
data/external/nirf/raw/reports/2024_IR-D-U-0168.pdf,8831,.pdf,4bd7f82421b2b631e57acfb1c11e4b513937cd48f58fcfe1c43e6d693ef082ef
data/external/nirf/raw/reports/2024_IR-D-U-0236.pdf,8699,.pdf,4af71ccdde81a6757bed5863929d5303de4d2db91fd46acc01cc5d39bd0039c9
data/external/nirf/raw/reports/2024_IR-D-U-0266.pdf,8700,.pdf,293072f64bfa8b838d3415e8cb6182f7191f11d3602b810bd1ca7ec68836ee69
data/external/nirf/raw/reports/2024_IR-D-U-0295.pdf,8760,.pdf,3ec1023905c7a221fb4bf9ec02a34ca6d1dd3d8150aa2cb6e8dadc46db71182f
data/external/nirf/raw/reports/2024_IR-D-U-0356.pdf,8704,.pdf,d12184b44c0adf70c6b7f7afb7eb09b6c6672c62edcd96c0fde3452f2f974b35
data/external/nirf/raw/reports/2024_IR-D-U-0363.pdf,8932,.pdf,f6c895f7c0ff9256daf358a387d4607ca25b14dea72d19242a76c5995040aefe
data/external/nirf/raw/reports/2024_IR-D-U-0368.pdf,9866,.pdf,44ba36aa221960ddc7aac25913778d7fc4fee51f31c37ebfd33cd08810f6b292
data/external/nirf/raw/reports/2024_IR-D-U-0436.pdf,8733,.pdf,c16951db62cf0c4e0f0d82d2d6346a0aca107798cfa96039671e119678f6452a
data/external/nirf/raw/reports/2024_IR-D-U-0473.pdf,8814,.pdf,d67bc4d0d7c73ea3e3cb20abeb7cb1ee148d23cfcf487771a8dba3c19c4ab396
data/external/nirf/raw/reports/2024_IR-D-U-0496.pdf,9855,.pdf,e698e3e5cc51ecf9f316a652a791576fa61184cb7b90427c4a1967823109bdc9
data/external/nirf/raw/reports/2024_IR-D-U-0500.pdf,8687,.pdf,41921764eaded7e505673761b98add72c99072446f334cff2215b6496686eed2
data/external/nirf/raw/reports/2024_IR-D-U-0523.pdf,8799,.pdf,b4588a19ac91e8479b5ffdc7803fa89cef70bc597753fb4682f9fa868ff217f3
data/external/nirf/raw/reports/2024_IR-D-U-0686.pdf,9905,.pdf,473d264fd562726c9a346d3f69391cc83b0494fbdb6bc99a03e7cae22c00ad5a
data/external/nirf/raw/reports/2024_IR-D-U-0687.pdf,10111,.pdf,880d78d914723a9a864c736471ea2bbc53b5f363aa28e95b08de0cbd18def4a5
data/external/nirf/raw/reports/2024_IR-D-U-0688.pdf,8771,.pdf,34856ed7f27380677307e840cfe67f7e416d35a6510b0b206f9c02c444394252
data/external/nirf/raw/reports/2024_IR-D-U-0689.pdf,10369,.pdf,7b48edb8bec606b5255fb5782c6b6e0498266d5182833aa1b752aff0e7cb8fb0
data/external/nirf/raw/reports/2024_IR-D-U-0690.pdf,9018,.pdf,88b17bd1215094a3ed3df003008e9138a791e3801349f2739c3781eeeb98ee01
data/external/nirf/raw/reports/2024_IR-D-U-0691.pdf,10062,.pdf,161147f7a6a89487b78acece04d0a157277fc4e51317c22df0309a5b0addc986
data/external/nirf/raw/reports/2025_IR-D-C-16424.pdf,9724,.pdf,2a7059342b5a3ba4b6cc752cd54f9ed2ee63f45d07e525316cb04c24fab3093c
data/external/nirf/raw/reports/2025_IR-D-C-16428.pdf,8905,.pdf,c23f84b7cd33f48412da06dca2122788176f53947b28f8d4c93717f4ea19841e
data/external/nirf/raw/reports/2025_IR-D-C-22461.pdf,8659,.pdf,48fb9fd2ced5ab90dc2882f2d02004e3c109df945ed238dc4f2ce1b37c84704c
data/external/nirf/raw/reports/2025_IR-D-C-24503.pdf,9998,.pdf,e7f237d21243497198794f71fb9fedf08d2fd9d4759933e7a08f51e3b9dc2708
data/external/nirf/raw/reports/2025_IR-D-C-29209.pdf,8704,.pdf,bb7ab86b463016e3d00d354f20d1bff158cb070502120062517d1863b75173fe
data/external/nirf/raw/reports/2025_IR-D-C-29255.pdf,8463,.pdf,7f7e6cd385e4aba78ad1d84b672785e746cb5c287a72e0702399324efc3cac1a
data/external/nirf/raw/reports/2025_IR-D-C-29442.pdf,8739,.pdf,d0411601a1fc66dbd556af4c55ca8e73e9de6fe16d357825783f60e0b07fad11
data/external/nirf/raw/reports/2025_IR-D-C-30588.pdf,10288,.pdf,8a1f38d2d55cd9cad51c5a1bf6a3861525fb96087e18dc9461e9946f2630d06f
data/external/nirf/raw/reports/2025_IR-D-C-32922.pdf,8571,.pdf,4fdc43f77aa91a004087ad39e1e768c687a984a88ba5577a3a0b1c3552ab5324
data/external/nirf/raw/reports/2025_IR-D-C-35009.pdf,10076,.pdf,bcb85a6c9f504b2fda3b0d96ea72110c58dc092ac0c7ab2c0655e5c2b63f527a
data/external/nirf/raw/reports/2025_IR-D-C-40345.pdf,8789,.pdf,a5d83fa6c08441b64468840cc16329817eede986ac244847916157dbcfec0c42
data/external/nirf/raw/reports/2025_IR-D-C-40453.pdf,10009,.pdf,c9cd16a640d39cce84ab9b8198f5da305790b4aba1b62798a6d153063f352bea
data/external/nirf/raw/reports/2025_IR-D-C-45515.pdf,10348,.pdf,892906386450e262f3128b454113a7ad9d570a0463952fce21c6085a35f801d3
data/external/nirf/raw/reports/2025_IR-D-C-45654.pdf,10523,.pdf,92235be07b73227d1962dc5e17cbadd4f18fc2664f799258f0bca8b0b3e46ab3
data/external/nirf/raw/reports/2025_IR-D-C-47762.pdf,8964,.pdf,a67b267910cdf859ec9a31cab179615f99fa1d173c8c65cea14fe0cbcb9c236d
data/external/nirf/raw/reports/2025_IR-D-C-49008.pdf,10030,.pdf,858403f850e28d021eb8c3d256514fb5b87222401f18971a2fcb23a6f5d52746
data/external/nirf/raw/reports/2025_IR-D-C-5838.pdf,7733,.pdf,1f16dcaa3f144a3baad727908086b818c7ee3ccefebad255a257b0edb5dd6e80
data/external/nirf/raw/reports/2025_IR-D-C-6051.pdf,9715,.pdf,24ed00b39e77de15d829c9e9caec941658785e448029356a5a93e4322e436ebd
data/external/nirf/raw/reports/2025_IR-D-C-6414.pdf,10368,.pdf,1711fef949c02633a0073c84e8d5eaaf2bfb51dd3bb80e0d9eaa2990520f25aa
data/external/nirf/raw/reports/2025_IR-D-C-7242.pdf,9066,.pdf,2b6a4bbffe1cf51750fa33ca613bd522595a4d0528aa76eac9cf374779d79190
data/external/nirf/raw/reports/2025_IR-D-C-7251.pdf,8952,.pdf,c42619e389dabfaa5a44d283d62ae52dca8e49c99b9b27153a217f01dd2d1181
data/external/nirf/raw/reports/2025_IR-D-I-1110.pdf,9012,.pdf,114765d1b94e7470a33598f85eba3bce269ce79fae2ebe3650f9315805f5574e
data/external/nirf/raw/reports/2025_IR-D-I-1409.pdf,9909,.pdf,a5f7ba70afeb3299448d51bacf7ac0df7ba0142bfa0135efc3d30ff3484085f0
data/external/nirf/raw/reports/2025_IR-D-I-1441.pdf,8766,.pdf,49850184af2a2b34c6467c0ffc70f43e57f8040dc2972d8d80af20a42d2431d1
data/external/nirf/raw/reports/2025_IR-D-I-1486.pdf,9016,.pdf,9052350da86ceffa44486f0e2c936b9b2a8da4820a23967bcf4cf15ff13fefa2
data/external/nirf/raw/reports/2025_IR-D-N-15.pdf,10159,.pdf,ba2f14e14edcfc6be321f521a4d51c7f3943a547502390d279e5de33b1e9ef9a
data/external/nirf/raw/reports/2025_IR-D-N-17.pdf,8411,.pdf,a3cb8446da43a0cc23499d88be89ddc9a594f8e54a66e855e83abf20a17cff1b
data/external/nirf/raw/reports/2025_IR-D-N-33.pdf,8717,.pdf,8f24c88a69be907b3fe60b3beb609c17ae86d838355c725736377e21e5e2ad4d
data/external/nirf/raw/reports/2025_IR-D-U-0079.pdf,8948,.pdf,7bc924f41d454253434726bb4a161096c7a90a2fe66961ab0a4c694e7d64f427
data/external/nirf/raw/reports/2025_IR-D-U-0106.pdf,7661,.pdf,3780f687bda0cddf6dbd16656be2aa38c9c56f2959a9cdffcc21e86424551205
data/external/nirf/raw/reports/2025_IR-D-U-0107.pdf,9836,.pdf,989a9900b0b528bcc13da74d88772db2c001e3be9d70c4bcf724263ee8caa15e
data/external/nirf/raw/reports/2025_IR-D-U-0168.pdf,8783,.pdf,30eb59b5fe3af8f56527a5cecf850239fb458ba0f40b6008b4fdaca2e6d585ce
data/external/nirf/raw/reports/2025_IR-D-U-0236.pdf,10221,.pdf,7aea81ef0540f9f0cd6ab5a54a07f5b8fb3030026ba4a7bd23d0e31d79c0c172
data/external/nirf/raw/reports/2025_IR-D-U-0266.pdf,8845,.pdf,7ce243cc91ddf951a4d9f9b360c3d48004106a160b5bdc69544f8f82876a9f94
data/external/nirf/raw/reports/2025_IR-D-U-0295.pdf,8798,.pdf,4b0c4a52c68a9a963bda8bee23df838e10cadd7c91b89bf64561e4122b09add8
data/external/nirf/raw/reports/2025_IR-D-U-0356.pdf,8698,.pdf,f2dc72e606d8d3716adaa8a9cfc86d38e7b4bd1647709ff7ca3a264c13abf238
data/external/nirf/raw/reports/2025_IR-D-U-0363.pdf,8848,.pdf,d2290e38e9be8a186091fd215d0ad0e48b1d89a10938d6bc1a2828a832a63ad2
data/external/nirf/raw/reports/2025_IR-D-U-0368.pdf,9865,.pdf,edcac4eace89a36ff12314f0e4b54e4e69c7c44e584225768040a1793e068230
data/external/nirf/raw/reports/2025_IR-D-U-0436.pdf,8786,.pdf,c951de2be37e07c57b78591c6cd0551024b4cca7293e8a68be634204d389d8aa
data/external/nirf/raw/reports/2025_IR-D-U-0451.pdf,10349,.pdf,9b1ad67fd1b3a3b6039b55ccba1a8a07b88c4809108be75afbe130fcda0aa76f
data/external/nirf/raw/reports/2025_IR-D-U-0473.pdf,8845,.pdf,ec98698b46e9f4040639dae9d97956604588663ecd7841aa7cd79f177e506eb8
data/external/nirf/raw/reports/2025_IR-D-U-0496.pdf,9894,.pdf,db945b8a73f39a26a813c16c194722914411fd5820c9fffbda8895926da2fff0
data/external/nirf/raw/reports/2025_IR-D-U-0500.pdf,8724,.pdf,30a4659338e2ebb1e92e8405af6a91b8564f24ea401a5ba4076f03d982f96570
data/external/nirf/raw/reports/2025_IR-D-U-0523.pdf,8823,.pdf,72d6f0885dd235dbbabb758e7a4353d49c0ba7ffde0e4f2bbadca6d23abf5eef
data/external/nirf/raw/reports/2025_IR-D-U-0686.pdf,9945,.pdf,bef4e83973c1c27b11365f382868c00635508ba4379bd8c953b6fa7012ed21a5
data/external/nirf/raw/reports/2025_IR-D-U-0687.pdf,10088,.pdf,2c121f093d0768057198ea625bc654814b02a7e3922fa06748493aca1d2fc3b0
data/external/nirf/raw/reports/2025_IR-D-U-0688.pdf,10071,.pdf,ccb34c0039fbb0f6326f4c5c6588168b8c5326809eafa03a28e95d9b6966e2d9
data/external/nirf/raw/reports/2025_IR-D-U-0689.pdf,10370,.pdf,35cada67726cbe717b4de5fb673e0b0c33bfbf30c8010ac41cbd3c523cb8f89f
data/external/nirf/raw/reports/2025_IR-D-U-0690.pdf,10113,.pdf,7a4b5eac32cb448ac25b4745a610551d69264b94604921e7a516e9ad2ffc0b9e
data/external/nirf/raw/reports/2025_IR-D-U-0691.pdf,10048,.pdf,f68671ab1f6a49ae382693d297cabe4f791aaa3d906b39350818195feda03ff1
data/external/nta/raw/files/2022021657.pdf,9669124,.pdf,partial:62ea27802b91ecdde52ac2d7269ac4ac2c730313f9870347750e5d52ff99c605
data/external/nta/raw/files/2025020754.pdf,7319951,.pdf,df42f556510a96b40697289c071565e4db316b94ca9ccb938fd99451ddaf8ebc
data/external/nta/raw/files/20260102588210790.pdf,359751,.pdf,82bef4c02be2fb0a8a7a942e152a66230787d45061f131fd1e32d0c8209cb346
data/external/nta/raw/files/202602231394640855.pdf,10420086,.pdf,partial:1b8099f73157080b72bc245b5943934ded6d4a3a5c65ab33575d3c06f7cc6278
data/external/nta/raw/files/20260625141800406.pdf,1410066,.pdf,c2f684303b25ace2f176fcc786e122683d7a26c84b6e31a12c5347b1dd88b4c6
data/external/nta/raw/files/20260625208933797.pdf,13509,.pdf,56c81e8121e4a693fc7fbbb71cc0dda228e9e65d7e9676e922c7ad54fe332cb7
data/external/nta/raw/files/202606301312738299.pdf,193232,.pdf,f23c9621ec257bbfa9ede538e7e7f1e590fbcb6a8bd236e1320aa22676d79b08
data/external/nta/raw/files/202607071291015974.pdf,153721,.pdf,1033f87c346f86a706f0c24695510e1f610eacdc8046f5c5c43da06110c700e7
data/external/nta/raw/files/20260713497007800.pdf,588703,.pdf,1bb13210ebecb12000128bf11afcc8381d13c656b3685775aeae814fedbb1f99
data/external/nta/raw/files/202607141430274592.pdf,625876,.pdf,e472d9630a93c9390ff0593823b55c6e2d576f4a6a6f1b80b0ff598a5e954442
data/external/nta/raw/files/20260716131467523.pdf,13332,.pdf,acd37170b16b43fbc23d560f897bb896f650638d35be9cadcf61910f5e79dc35
data/external/nta/raw/files/202607161539405935.pdf,4955616,.pdf,178865723550efb7daa5c0d146c65e21309d80c2bc02bfcc67569ad165b6b0f1
data/external/nta/raw/files/20260716180970800.pdf,7605715,.pdf,bfd41881eb6dfec3b28b61b05c4fde723474c7a0eccc4bb4bfa654f640e6d727
data/external/nta/raw/files/20260716477215762.pdf,271898,.pdf,b4068af9ceb09331ac126edcf511259c73776ef8589874fd01b39d48ae4ee89f
data/external/nta/raw/files/202607201141028453.pdf,313479,.pdf,5fa99484437f4c4d2ab9b084baed39fcb735c774f0c7a005e458ed43017d1cba
data/external/nta/raw/files/20260720623209264.pdf,142347,.pdf,7ccc71dc4a5ccb9ec4c9ac4ff1b0d340fb5bcbdf2a311eb4c56d2f47ebba7163
data/external/nta/raw/information_bulletin.html,81341,.html,2eb8ac5d34737e4215c50ee09d0873e093544eb91cfa38458f5016702083f362
data/external/nta/raw/public_notices.html,109870,.html,fa3839f1711d139a684720989ad2b02f9c8ac425c485ad71e1b3aaa5718259db
data/external/openicpsr/E112992/raw/page.html,5613,.html,16711f18411e90756b3e4a18e4d7cd9520b2dc08a66a02af5e4b9e7bc93fd88f
data/external/osf/tnh4x/raw/Data_for_analysis.csv,16424,.csv,0b6c8a06f809ef29fa227ec53a6a3e32a386409c1beea033c3ffd883265706f4
data/external/osf/tnh4x/raw/NSSI_Scales.pdf,171293,.pdf,0a0227726cc4db9a0663cc72c58be434195c0d2062fbec354387676888fe4c43
data/external/osf/tnh4x/raw/files_listing.html,4190,.html,705f5bbf1658ebac28b3ce421eea0a660e0721890e6d36ee70a9063abaf94648
data/external/osf/tnh4x/raw/osf_api_listing.json,0,.json,e3b0c44298fc1c149afbf4c8996fb92427ae41e4649b934ca495991b7852b855
data/external/osf/tnh4x/raw/project_overview.html,4190,.html,705f5bbf1658ebac28b3ce421eea0a660e0721890e6d36ee70a9063abaf94648
data/external/sathee/raw/_page_home.html,153,.html,70bcee132a7d35037255fc9d69ab70e00e6aceeab740a3185e4ef9aa4bc5ab5f
data/external/tamil_nadu/counselling/raw/01072026030651.pdf,311230,.pdf,523756cc73da8cecb90ce9cdb0985f1da6bdb08d732b7b351e9ede91703a4654
data/external/tamil_nadu/counselling/raw/01072026030722.pdf,231360,.pdf,d54cb7adb459c109f0dc04142268d9b71c5f2a56e220c0e50b22c9bcc53fc459
data/external/tamil_nadu/counselling/raw/01072026233615.pdf,256695,.pdf,bade685ba04f8b83be7e8c0fbaee0da7c9c8daeca8a71cc424ce1c7a9b893488
data/external/tamil_nadu/counselling/raw/04032026031755.pdf,181415,.pdf,33b8407e4a3ca4ad5a5435f84478a4aa171fa0aab6d6b22cb2fe6a79d99ef560
data/external/tamil_nadu/counselling/raw/04052026030234.pdf,1935952,.pdf,c7b845f506c1cc6a9e49e43fec99dc4a826dfd7cbc09919227d20983c9b56e92
data/external/tamil_nadu/counselling/raw/04052026031442.pdf,729173,.pdf,d526bcd38553183d244da453dcdf23cee2ac75abac5b000ad7d3744fc52a4a35
data/external/tamil_nadu/counselling/raw/05042026233416.pdf,445225,.pdf,63a64c8df08b061126f687ce1560f550bff90ba5b0ec37d4298ec2db1e02a625
data/external/tamil_nadu/counselling/raw/06022026062435.pdf,1921748,.pdf,3d10c4e1a633bab53d1fd3c94446f7d670256349781db1d7af66f3d192c2a5f7
data/external/tamil_nadu/counselling/raw/06072026062913.pdf,373611,.pdf,417d918d95d362803b90c6d258554c084c9e578c67beabb039b573ff0ca0c3ec
data/external/tamil_nadu/counselling/raw/06072026213418.pdf,247833,.pdf,96750de3c8130c1d3fa54ba9c49fcdb9897a4edee0d4087cfd9391b689e447a2
data/external/tamil_nadu/counselling/raw/07062026233537.pdf,540060,.pdf,b417a7a3e581320e9b22f4e4215a48ea72f403bf37f1e1d05179d3a6a5a696ca
data/external/tamil_nadu/counselling/raw/08052026212605.pdf,40919,.pdf,9dce2209e1fc15728ca4936755370a5ff74e1256fcb98473152dfee188420481
data/external/tamil_nadu/counselling/raw/09022026054115.pdf,350063,.pdf,f8b0eaeeb0b6bce81a94678cf8aeda09e04f7c465353212ced578fedd8707457
data/external/tamil_nadu/counselling/raw/11032026235234.pdf,973257,.pdf,ee6d878cf69c32696f91c0585fb225a13d52205879811729c6e588ac39f0d27f
data/external/tamil_nadu/counselling/raw/11052026025307.pdf,248565,.pdf,2668cad800b299bbc0a73e70861311f1c20e29604748648e5a1e2bf98056c374
data/external/tamil_nadu/counselling/raw/12062026004523.pdf,134890,.pdf,33eb72bb41dcb97929c3fb355d9404c65f1713e000a3df78f0cf9c35c1fbe872
data/external/tamil_nadu/counselling/raw/12072026232949.pdf,3230147,.pdf,06e45fa51d10610796d9fffe331e954e700769c2891fa4892526fcc96f86a0a8
data/external/tamil_nadu/counselling/raw/12072026233050.pdf,8207037,.pdf,853b4e768ca40c0943519cc6b91d1e2cdac805d2588fe35864ddce033dc269c1
data/external/tamil_nadu/counselling/raw/15072023215007.pdf,1822729,.pdf,6539f4f5089012878e6d6c81477beff2f5ac2bbf17fac4873c5a321f1540667c
data/external/tamil_nadu/counselling/raw/15072023215007_mq_rank_2023.pdf,1822729,.pdf,6539f4f5089012878e6d6c81477beff2f5ac2bbf17fac4873c5a321f1540667c
data/external/tamil_nadu/counselling/raw/16062026233333.pdf,9751863,.pdf,partial:46a780be1599824b906abdf91b7f41fe4b8e630402c234380968c8d990a03318
data/external/tamil_nadu/counselling/raw/16072026232237.pdf,238311,.pdf,5fcbf468c8d6679fc0c9fafeae8bf03276dd408f8f101ac278644d93fb86f029
data/external/tamil_nadu/counselling/raw/17062026235956.pdf,178788,.pdf,3fc822e9a0472d5f44f538b429b58798f86841ce90a57f1e0cd24ec31527e5ae
data/external/tamil_nadu/counselling/raw/17072026222620.pdf,136682,.pdf,25675014905bfbaff689cca24cf9e2aceba3c491a95990d44b1b56ebdd5348e5
data/external/tamil_nadu/counselling/raw/18062026074256.pdf,633023,.pdf,01860e1cca95b2c333c0dfff3c9dcd19ecf1e43b16abdc06822aa6888df63fdc
data/external/tamil_nadu/counselling/raw/18062026074307.pdf,487932,.pdf,ebe65fcf618d8b87704ac70c9f06be9bd2298c2fc97298963a0cf1842f39ce5c
data/external/tamil_nadu/counselling/raw/19052026212813.pdf,40737,.pdf,0e44584e73198f005f02a3e176eb96d89c32e806b40d4e8c2245a15174eb4673
data/external/tamil_nadu/counselling/raw/19062026002654.pdf,169710,.pdf,b284e442abd9c63c60f3f28128c554bc1d7ac1deb6d1b8bf49e8ed10fbf1f93e
data/external/tamil_nadu/counselling/raw/20062026042333.pdf,64201,.pdf,56ea7358197669bbc4f906121a63702d97b3981d71e3791ec81159191da2cc70
data/external/tamil_nadu/counselling/raw/20062026232658.pdf,297677,.pdf,9763ecf78e0b5effba9a2a832349121d54a268434bdc1e6d3ce6c8c31dd1c585
data/external/tamil_nadu/counselling/raw/20062026233715.pdf,1001608,.pdf,7bf2e494a6baab138a368795457d3eafe09eacfa6b78a51474b7f760615bf44f
data/external/tamil_nadu/counselling/raw/20062026233833.pdf,923777,.pdf,cccdeaf2c085667edac70bff38d7111f7a19e92abc2c835866dc03fb624fa9ab
data/external/tamil_nadu/counselling/raw/20062026234124.pdf,874380,.pdf,dcbff497f1833be1687d759832554a475af881086e8eb45f2fa66e474ecc3fb1
data/external/tamil_nadu/counselling/raw/20062026234247.pdf,872585,.pdf,8903662f04bed092f714b4cdecb5349cdf547ea8a8adcb3ec9fa218202febe49
data/external/tamil_nadu/counselling/raw/20062026234354.pdf,865074,.pdf,3a6927eef3324405730a68c3730116904e519b16d00b91c0efb3c140edb8a8ca
data/external/tamil_nadu/counselling/raw/20072026230939.pdf,234713,.pdf,28b4bf11420fa53b91723e0a27686228bb395a558f398a0e589b3ca500d90ca8
data/external/tamil_nadu/counselling/raw/20112025232649.pdf,128609,.pdf,84cec85b6486bd6550dad4b2cf2c0607c6beffcd75747de8cb86955aad6959fc
data/external/tamil_nadu/counselling/raw/21062026021438.pdf,1062478,.pdf,e74f7b66b63098fd184afb68c9a113d9608ccc4967ecc4c1b37c40bbe79559ca
data/external/tamil_nadu/counselling/raw/21062026022644.pdf,88546,.pdf,49136e4c0a7b9c6108806b130ae982570890c12ec71aae7c43ad9538e32704ed
data/external/tamil_nadu/counselling/raw/21062026074552.pdf,646780,.pdf,96183b9fdf7d12af8aa158c62d726fb518813b31a5a09d1b7c7c27d08bd8ac66
data/external/tamil_nadu/counselling/raw/22062026063927.pdf,43113,.pdf,fe1ba759293a6552aa7b45e66d648f5ce3b367323be14a276ca8ccded5788a2f
data/external/tamil_nadu/counselling/raw/22062026064010.pdf,101116,.pdf,2efc6255d84deff899996896293184a888ee2d4e28049d5098267211fa142e7e
data/external/tamil_nadu/counselling/raw/23062026015535.pdf,405515,.pdf,7b8cc21e8a3fd0aecd732b820a56a4a8839505594253cfa220a09b139a329a24
data/external/tamil_nadu/counselling/raw/23062026061912.pdf,237361,.pdf,1d015456595cda8cce1cd1c1131d3dd050c78013c0bffdd0dc39377dd5553f90
data/external/tamil_nadu/counselling/raw/23072026020011.pdf,233290,.pdf,a51c9301acac7678be3d5aa6ed710c40e315893a3e5902ca74707fef4bfb969a
data/external/tamil_nadu/counselling/raw/24052026234947.pdf,406870,.pdf,fc11d0177b85c8badddc2a2af2033db05f38ff13f708ad827bba2b2c9e40fb8d
data/external/tamil_nadu/counselling/raw/24062026065747.pdf,74787,.pdf,41353bc91082a39920a3538f8269c92f92c84530b718827f34a8ae516a26af9e
data/external/tamil_nadu/counselling/raw/24062026071342.pdf,172701,.pdf,92ab2a0e8fa05d007c67cd65a381a7cc3d20e164e7b5d502180f35edbf9cf3c9
data/external/tamil_nadu/counselling/raw/24062026095407.pdf,544626,.pdf,c6eaa1f10b9c462cf2a680fbb82e8754b7721233b950cc4b2a05cc8f5a356078
data/external/tamil_nadu/counselling/raw/25052026212658.pdf,248942,.pdf,c4be4964fbca084f1be04e89412e0ce4147bb4b7f56c4ca4d201105d60285848
data/external/tamil_nadu/counselling/raw/25052026225851.pdf,344108,.pdf,ca9dfd5cf81c02baaed3d7ac6ffc86e9208a3300e3c88fc4e44aec3e19fb89b2
data/external/tamil_nadu/counselling/raw/25052026230915.pdf,381837,.pdf,a2bc5121bd0600ddf13a3c37dbb69031a3213ea7d9d094c02497d58a4db48b7e
data/external/tamil_nadu/counselling/raw/25062026020219.pdf,140087,.pdf,f4ac1e560883005f42c7949b01c5d48cfc95e4d7130bcf6f380668e3705f0ae8
data/external/tamil_nadu/counselling/raw/25062026041530.pdf,47252,.pdf,84f6238a8b748ae1ec72de1b34779c3de77d507cec37750f6c5dda4a91f3c4dd
data/external/tamil_nadu/counselling/raw/26062026231842.pdf,1089948,.pdf,bd8783662796125e57a2094b64f2d883343fcd51e23f0874e587a8423dba2858
data/external/tamil_nadu/counselling/raw/27042026221040.pdf,66263,.pdf,bd87e3a5f54b28f57627881e7ccb2100987de8ba32fda60f2bad79474fb7525e
data/external/tamil_nadu/counselling/raw/27072023151144.pdf,289399,.pdf,c0e982cfadcf8e52df35cec2063db570589549c2629132e9dd4647aa9f4c7922
data/external/tamil_nadu/counselling/raw/27072023151144_75pct_allot_2023.pdf,289399,.pdf,c0e982cfadcf8e52df35cec2063db570589549c2629132e9dd4647aa9f4c7922
data/external/tamil_nadu/counselling/raw/28062026235144.pdf,2782818,.pdf,fba06ce15250c2ee0983e2d4994c6725e720bb3c6536f4d22ac592cc8b9348d0
data/external/tamil_nadu/counselling/raw/29062026232639.pdf,391534,.pdf,7293fa32628ea1887466820dddf825ed145e7e777c12be11c34e2d3a332ed48a
data/external/tamil_nadu/counselling/raw/30062026003157.pdf,8455645,.pdf,partial:219320e9a33a02f18140849db26d154fa771c8c045c09f86f2d1186b33aa8241
data/external/tamil_nadu/counselling/raw/_page_Archives.aspx.html,59207,.html,10f0bc18d2454ab9e04cf9717cea410db2231d7bcc7fabd6f2c9cbef8c8704c8
data/external/tamil_nadu/counselling/raw/_page_home.html,74978,.html,b28696aa26d9285c8aa61bf71f69b9b6c08579475a53ec83563a87a371e7041c
data/external/tamil_nadu/counselling/raw/_page_tn.html,74224,.html,789ba3f3dda8312b6baacc6a60cadaf391e15dc139130a98adb4537b47f480c1
data/external/tamil_nadu/raw/rajan_committee_neet_tn.pdf,2765888,.pdf,f4b4c5dd80a3a76674d038bd2b54dad8953bad184ee1b95fa267e3ade5e14de2
data/external/wid/raw/WIL_WP2024_09_India.pdf,7187755,.pdf,42857dfd7f7ba35a7526c29a5b42a888f5cad5af6c86cf8c9992c957671bbe9e
data/external/world_bank/raw/P175882_health_labor.pdf,1758020,.pdf,5e858d23028c46282042c5e8a43e72c6636b0e976041edbbb964263ee9252685
data/raw/mcc_2024/2024/001_final_seat_matrix_for_all_india_quota_except_central_university_round_1_ug_2024_mbbs.pdf,596505,.pdf,bb0961d9804068f29da1a09da9d21bc8dd48d8aa781a417cc9982e505a8aa856
data/raw/mcc_2024/2024/002_final_seat_matrix_for_all_india_quota_except_central_university_round_1_ug_2024_bds.pdf,451610,.pdf,db09bf42c7da94c570135a40a4ad9adb250063745f8bd8b37c7dcfd88aa1e665
data/raw/mcc_2024/2024/003_final_seat_matrix_for_central_university_1_ug_2024_mbbs.pdf,442978,.pdf,7e347cd8d1d532313fd374af89b0d16bdcf0ff759b9825cb31a438244b18b5fd
data/raw/mcc_2024/2024/004_final_seat_matrix_for_deemed_round_1_ug_2024_bds.pdf,441304,.pdf,86eb2aa1209ef1182dae8b8c5c5c388a55ec925db7efb86bf3ebb7594fb95312
data/raw/mcc_2024/2024/005_final_seat_matrix_for_b_sc_nursing_round_1_ug_2024.pdf,440530,.pdf,de93a2b54e04d1416205537961cceafdf71a749ab446832ed7694927ce0485d7
data/raw/mcc_2024/2024/006_final_seat_matrix_for_all_india_institute_of_medical_sciences_aiims_round_1_ug_2024_mbbs.pdf,440521,.pdf,3f8800ea7b285b8ff2c8fa2adcff419f3b5a1044694980bf412cc582beadd0c2
data/raw/mcc_2024/2024/007_final_seat_matrix_for_central_university_1_ug_2024_bds.pdf,438300,.pdf,81db4df18292f4e9fa9ef80a72152ded4f5a8ff159386ba08cb811fbd0f1cb06
data/raw/mcc_2024/2024/008_final_seat_matrix_for_employees_state_insurance_scheme_round_1_ug_2024_mbbs_bds.pdf,439201,.pdf,b1ce3bfafbb7a4d873c1d7ebd775a01605b3b0b45297683953cf34aef4f613d7
data/raw/mcc_2024/2024/009_final_seat_matrix_for_jipmer_mbbs_round_1_ug_2024_mbbs.pdf,429941,.pdf,718af0a955c275f8edfdf6145e0d2e20b3b3f0fa41f37f2b108efff4575c52b5
data/raw/mcc_2024/2024/010_final_seat_matrix_for_deemed_round_1_ug_2024_mbbs.pdf,460170,.pdf,6a6fd329e33953fc65b9c26fc640864457516238a389795b50e1a7767ea66749
data/raw/mcc_2024/2024/011_final_result_of_round_1_neet_ug_2024.pdf,4068039,.pdf,b29cba0daa2cf5b15d0c122fcbfec76426145ce12f9142c9cee245c5b400ea8e
data/raw/mcc_2024/2024/012_clear_vacancy_round_2_ug_counselling_2024_mbbs_bds_b_sc_nursing.pdf,1249392,.pdf,7152817dac96e2e58c6f72855bc0bdb0060216a131578668911163c387c1f8dd
data/raw/mcc_2024/2024/013_virtual_vacancy_round_2_ug_counselling_2024_mbbs_bds_b_sc_nursing.pdf,776364,.pdf,623ae59df9b6c65b7cc2384bd660cee6854eb3c3dc807dba792bedcb690ec32e
data/raw/mcc_2024/2024/014_notice_for_provisional_result_for_round_2_of_ug_counselling_2024.pdf,250279,.pdf,701c2d2faa7674dda012aa361dac50ff38e3acaefe88de5d9dea6793838fefc4
data/raw/mcc_2024/2024/015_provisional_allotment_result_for_ug_counselling_round_2.pdf,8750948,.pdf,partial:0a85a9bc2a487a760220b5ad0ad0f4020d05a25949baf02e16de278ff2c5fcf2
data/raw/mcc_2024/2024/016_final_allotment_result_for_round_2_of_ug_counselling_2024.pdf,8750927,.pdf,partial:d951df5cdffa4d6d4a194130cb3bd5149480d104e1d8cae9c615c315647633c8
data/raw/mcc_2024/2024/017_clear_vacancy_round_3_ug_counselling_2024.pdf,900621,.pdf,0dd6a117e32baaf7870b0ece96aac67b0dd9a213e5141bca98385b1775fbb902
data/raw/mcc_2024/2024/018_virtual_vacancy_round_3_ug_counselling_2024.pdf,855366,.pdf,901cf507635c45469145f770d2cf5342d2050eb1c6e1ec978217bd4dba1ca6cc
data/raw/mcc_2024/2024/019_final_result_round_3_ug_counselling_2024.pdf,9808835,.pdf,partial:546c832e6d035ac353ee129c0825e8748819073b97fd1314dbfd0f036c022495
data/raw/mcc_2024/2024/020_revised_notice_dated_22_10_2024_for_eligibility_of_stray_vacancy_round.pdf,424795,.pdf,c80f701129c1b148db0f0144e3f79d0fdae48250775e2871d384e3055b0443e4
data/raw/mcc_2024/2024/021_clear_vacancy_for_stray_round_ug_counselling_2024.pdf,618431,.pdf,d55aa10cae312f04029328224eaa3803c5f3cdbbad37826922d0db68d071c4c4
data/raw/mcc_2024/2024/022_notice_for_extension_of_choice_filling_for_stray_vacancy_round_of_ug_2024.pdf,355886,.pdf,002d690c20e8bba042b9b0654958bddeea879850d118cc6d573b1ed318e1666e
data/raw/mcc_2024/2024/023_notice_for_withdrawal_of_seats_from_seat_matrix_of_stray_vacancy_round_of_ug_counselling_2024.pdf,343310,.pdf,86ce953bdbec0e642411032a68c1ce616945b98b7305cd628f3b76828003b7aa
data/raw/mcc_2024/2024/024_final_allotment_result_for_stray_vacancy_round_ug_counselling_2024.pdf,167535,.pdf,e14323555d05c7bebac709e9c43b1417198c3e19d70a84d259236a40267dfa4a
data/raw/mcc_2024/2024/025_aiq_schedule_for_special_stray_vacancy_round_for_ug_counselling_2024.pdf,93823,.pdf,a8d856b93bce8eb8630b8db74dba3f3c6294a7a3d12e5d1f6738fcfd542b5ff8
data/raw/mcc_2024/2024/026_notice_for_eligibility_for_special_stray_vacancy_round_for_ug_counselling_2024.pdf,734401,.pdf,0fd78b6ee7e4cb9974fdee5acb269b491c73483d161cfb3bff4e002ef0c4cd19
data/raw/mcc_2024/2024/027_notice_for_provisional_result_for_special_stray_vacancy_round_of_ug_counselling_2024.pdf,249272,.pdf,0a0877f123642a4ac67e8f057c531ec4286f5f7148d6b637eb7c6624e9e1f0df
data/raw/mcc_2024/2024/028_provisional_allotment_result_for_special_stray_vacancy_round_of_ug_counselling_2024.pdf,51841,.pdf,5ebe1798acbe6b489ee0b2259e1fadc6a2c750eb6b825f4e52542938f3d118ad
data/raw/mcc_2024/2024/029_final_allotment_result_for_ug_special_stray_vacancy_round_2024.pdf,326729,.pdf,1dcccce7d2e1c7163d54b8f3115820115cc5c4ab574085fb0adff11aca22955d
data/raw/mcc_2024/2024/030_notice_for_jipmer_seat_allotment_ug_2024.pdf,857298,.pdf,d4ef39691bf97b1df2fb8982239b87bb037a3e2a08096c4d7b98310982d60094
data/raw/mcc_2024/2024/031_all_admitted_candidates_list_for_ug_2024.pdf,9770043,.pdf,partial:9d237d4cf9a42d6c460f3479c19cee1de63d19b1c24aa0e9a33d70b395e85387
data/raw/mcc_2024/2024/032_schedule_of_special_stray_vacancy_round_ii_of_ug_counselling_for_bds_b_sc_nursing_seats_2024.pdf,124947,.pdf,ed72b402ee0e0f523a8cd25d6a5ac62e4332b585979fc20fb1c3e26d89b94d5c
data/raw/mcc_2024/2024/033_seat_matrix_special_stray_vacancy_round_ii_ug_2024.pdf,446519,.pdf,26ee6253bab4a68f4c1b0edb65c5775f46be89ddb9df7bca069c1de11d0a5787
data/raw/mcc_2024/2024/034_final_result_for_special_stray_vacancy_round_ii_of_ug_counselling_2024.pdf,6982,.pdf,ff7a2a950ebf376534558a69d0f347ff11c325429f89a73fb5f525e5ca962c58
data/raw/mcc_2024/2024/035_special_stray_vacancy_round_iii_for_neet_ug_mbbs.pdf,73768,.pdf,78493150a8dbf59a6c81e5f283e72a70d299f95b44d72ee6e2e39a7e2aa3b85a
data/raw/mcc_2024/2024/036_vacant_seats_special_stray_vacancy_round_iii_for_ug_counselling_2024_mbbs.pdf,432762,.pdf,2318cfff7bd61d1c652c2ec018d6221247bc5b17a2e1b3a816d20a9e0ec4bdc5
data/raw/mcc_2024/2024/037_result_for_special_stray_round_iii_of_neet_ug_counselling_2024.pdf,3157,.pdf,e23f3f0c2fa5267917d25ddb4feb8cfe6978556e920db77f6d69b7536be53c71
data/raw/mcc_2024/2024/archive_index.csv,8662,.csv,59d50e718cb2152a26d7ad2aedb0da78d680baf7993432d7a3fa2d2aa984acd5
data/raw/mcc_ug/2023/001_final_esic_insured_person_seat_matrix_for_mbbs_ug_2023.pdf,429833,.pdf,97531ee49b97dca4e690fb28a6162d02271927fe00afecd7e15c69aaa2e36e69
data/raw/mcc_ug/2023/002_final_seat_matrix_for_central_university_round_1_mbbs_bds_ug_2023.pdf,437286,.pdf,1e47976f078c28bdc686dc31f739a75e74a9e6a6e415c68ed9a83e90f9f9e6f9
data/raw/mcc_ug/2023/003_final_seat_matrix_for_round_1_aiims_mbbs_ug_2023.pdf,430362,.pdf,8b93f93f3a574ea18a70bc883d338087c591d110ca6d5ec12a02fa7ce6173929
data/raw/mcc_ug/2023/004_final_seat_matrix_for_round_1_jipmer_mbbs_ug_2023.pdf,426041,.pdf,a4b388ab876df33dd3b603dcbf93899b3ca1cd0c9281f5cdca57761bf48e8bf6
data/raw/mcc_ug/2023/005_final_seat_matrix_for_round_1_deeemd_universities_mbbs_bds_ug_2023.pdf,476936,.pdf,75d35398fb2b5836d7711e24937c0ea65781679acd38e253a49acfeea24053ea
data/raw/mcc_ug/2023/006_final_result_round_1_ug_2023.pdf,3527742,.pdf,ff32260e6b8e13a3f9c2e86e19de664769ec2d895c8b8699d8fcad35327baf0e
data/raw/mcc_ug/2023/007_virtual_vacancy_round_2_ug_2023.pdf,725951,.pdf,72e19255eef5c2bec8302c062aa5ea4e2c50d52ada4b9917434f4a0d4cd356b4
data/raw/mcc_ug/2023/008_clear_vacancy_round_2_ug_2023.pdf,1004338,.pdf,b3d709473d21ff5c58efbcf469af339036aebc347668badd4c3bb42a88b0019e
data/raw/mcc_ug/2023/009_notice_for_provisional_result_of_ug_2023_round_2.pdf,445417,.pdf,eab15a88cdc31bb47a36d6620d83e518e8725bca5c20c8c6da9d9a9f838ab228
data/raw/mcc_ug/2023/010_final_allotment_status_for_round_2_of_ug_counselling_2023.pdf,7495036,.pdf,84ffe5a3855d35a6af2064eb96bb774060613e943b5279353a55dafee1017889
data/raw/mcc_ug/2023/011_clear_vacancy_round_3_ug_2023.pdf,872458,.pdf,4ae9eacdcb3e0b05deeccf581f5752b13d735db1b9307c2680ae4bd69f458485
data/raw/mcc_ug/2023/012_virtual_vacancy_round_3_ug_2023.pdf,845229,.pdf,116fb6c727894bf03dd54e3639e180b5e0c277c21a003e7844e292e3f709af51
data/raw/mcc_ug/2023/013_final_result_of_ug_2023_round_3.pdf,9969148,.pdf,partial:d20331b61bef768cda7ff27680d9e02277da7141284e4fb1475c9e49ecfa15b8
data/raw/mcc_ug/2023/014_notice_regarding_fake_allotment_letter.pdf,1013717,.pdf,43d5cef76a1b874c4530b9254a1a8386ecef6a7dd32f593e2537bc62b7574b2e
data/raw/mcc_ug/2023/015_clear_vacancy_for_stray_round_ug_counselling_2023.pdf,708304,.pdf,563c8a98561923ebf6692ede6e60d2639ea43914c7a4fab68be147a56c196310
data/raw/mcc_ug/2023/016_notice_for_provisional_result_of_stray_vacancy_round_ug.pdf,446035,.pdf,104ce334dbc20cf423f24ade7ec6f0e276bde79664624c656f7e11ac97fe3555
data/raw/mcc_ug/2023/017_result_of_stray_vacancy_round_ug_2023.pdf,316315,.pdf,72a1e18021544fcf47bf5e598db6e84ee28ab927be95d0d515a5051570879af9
data/raw/mcc_ug/2023/018_seat_matrix_for_bds_and_bsc_nursing_for_neet_ug_round_5_bds_b_sc_nuring_counselling.pdf,492577,.pdf,951a7a87b0d5d21cd29233e6100a866c86f5100b30d726c5b33964cfce8fc05d
data/raw/mcc_ug/2023/019_notice_for_provisional_result_of_round_5_for_bds_and_bsc_nursing.pdf,447909,.pdf,44153953e1a1a3ff0100af74bf008cd46c23c32a13953643117a9583a854467a
data/raw/mcc_ug/2023/020_final_result_of_round_5_for_bds_and_bsc_nursing.pdf,47691,.pdf,24906143fe7fb4ef8ae6bfe211fe11a35414b355eaddb07ace2722e204ef926c
data/raw/mcc_ug/2023/021_bds_schedule_round_5_and_stray_vacancy_round_ug_2023_dated_25_10_2023.pdf,281071,.pdf,7d449a8c0197440d63c3fc646f169c985a7948da291c503864d8e04cd521508f
data/raw/mcc_ug/2023/022_seat_matrix_for_bds_and_bsc_nursing_for_neet_ug_round_6_bds_b_sc_nuring_counselling_2023.pdf,469905,.pdf,0dce683aff80506d1d81345baa4768bc69a3394ddbe6df9cc608cdd397841ec6
data/raw/mcc_ug/2023/023_notice_for_special_stray_vacancy_round_of_ug_counselling_2023.pdf,688360,.pdf,b2730ac5142786bb64811ad4d04ae336cf5d5310412a42add1e53d6c7776f5cf
data/raw/mcc_ug/2023/024_special_stray_vacancy_round_for_ug_counselling_2023.pdf,94298,.pdf,301f7eff8c0443a30e27352a4b23125186f595137b48b7137f97ef13ead9bbf9
data/raw/mcc_ug/2023/025_notice_for_conversion_indian_to_nri_candidates_for_special_stray_vacancy_round.pdf,2480055,.pdf,3dd686b05261012717a42dbd270c871dabb7c8ec5804d308ebfa233529005a90
data/raw/mcc_ug/2023/026_aiq_and_state_schedule_for_special_stray_vacancy_round_dated_30_10_2023.pdf,402274,.pdf,8bbf43849c2eefea556fc554d3f3b542a1f011e54754abd4fc1f8cf7a013faf1
data/raw/mcc_ug/2023/027_seat_matrix_for_mbbs_neet_ug_round_6_mbbs_counselling_2023.pdf,473568,.pdf,fe9eeb5f8eff8bd563f4900c08decd2174fb236f1cce7cb902bc660fe1ffd6c3
data/raw/mcc_ug/2023/028_notice_for_extension_of_schedule_of_special_stray_vacancy_round.pdf,513908,.pdf,20fd078659826e775f6fdc04b9fc577f11880c05afe3c9afd3c39618a6553efd
data/raw/mcc_ug/2023/029_provisional_result_for_neet_ug_special_stray.pdf,49708,.pdf,afe909bfa802e6c98dea5ae9cbcb15c5b94721d3c9258af6020d9a0abc0f2af6
data/raw/mcc_ug/2023/030_notice_for_provisional_result_of_special_stray_vacancy_round.pdf,443635,.pdf,eb79bec4da2e0f4061ce8fd4e676d6eed878beb6d2de813239801c965aaf4f42
data/raw/mcc_ug/2023/031_final_allotment_result_for_special_stray_round_2023.pdf,49611,.pdf,5c1878be2c35a66e883d453316712d0c0d411467be9f9eb00ca85fa776edb8b7
data/raw/mcc_ug/2023/032_eligible_candidates_list_for_stray_vacancy_round_bds_ug_2022_deemed.pdf,37460,.pdf,24593da523c38e2576f9f6e018e269ce12c51f009e88b392cae161a9eb570579
data/raw/mcc_ug/2023/033_final_result_bds_b_sc_nursing_2nd_mop_up_round_of_neet_ug_2022.pdf,92696,.pdf,13b38d3b0b780377420c1cb0ec069dd86838fda43ffea25b9e826bbb8ab2ac9a
data/raw/mcc_ug/2023/034_2nd_mop_up_round_seat_matrix_ug_2022_aiq.pdf,517258,.pdf,004cc44795db83469ceeaede7dd13b7bc0fcaea36660bb56fc14582cca9014f1
data/raw/mcc_ug/2023/035_2nd_mop_up_round_seat_matrix_ug_2022_jamia.pdf,457612,.pdf,c3f9bf6e14f804705b8957d43d80644bfcf9528d90a08f39226af1d74b9bca7b
data/raw/mcc_ug/2023/036_2nd_mop_up_round_seat_matrix_ug_2022_deemed.pdf,485962,.pdf,481ac3706fb27c9402d598ac87f0532db5a2969805506a7c798214da369b18b7
data/raw/mcc_ug/2023/037_2nd_mop_up_round_seat_matrix_ug_2022_b_sc_nursing.pdf,503526,.pdf,3f52e772af1cea6312552d725b7c0091b7bbe95818a59586b817f1d7a12c62af
data/raw/mcc_ug/2023/038_eligible_candidates_list_for_stray_vacancy_round_ug_2022.pdf,980408,.pdf,64c40bd5968cc4e30609eac0810b7c045f196bb4a84a4cf9d51e8b1e900739f1
data/raw/mcc_ug/2023/039_final_result_of_ug_2022_stray_vacancy_round.pdf,98963,.pdf,5cd453dcc612bc67b027fc96e4d3bcf57e311cb5a5c5993d76cf94c6fa763917
data/raw/mcc_ug/2023/040_stray_vacancy_round_seats_ug_mbbs_counselling_2022_deemed.pdf,446492,.pdf,e3a607358e627c71ac5c09045482f14f9059f2a658d94c1e97a536776dd942ca
data/raw/mcc_ug/2023/041_stray_vacancy_round_seats_ug_mbbs_counselling_2022_aiq.pdf,509291,.pdf,b3a03e3b9896ba0053032438b5730fc9d627a76cd394b4f2ca5a4b66ed82db58
data/raw/mcc_ug/2023/042_final_result_of_ug_2022_mop_up_round.pdf,825341,.pdf,b0266213e04686d02b7bb7473e5a50f5899004cec73f210e70bd4dfd7bfe6838
data/raw/mcc_ug/2023/043_final_result_round_2_ug_2022.pdf,6896295,.pdf,8eb0b4582a84eeec4ee51bc99cf5dade80ab789bf7e673e2a155a864f2c23792
data/raw/mcc_ug/2023/044_virtual_vacancy_round_2_mbbs_bds_b_sc_nursingug_counselling_2022.pdf,756261,.pdf,4199ed65e6495c3d2c841fed6a164f04f77afb251291df47ba50564db740811f
data/raw/mcc_ug/2023/045_clear_vacancy_round_2_mbbs_bds_b_sc_nursing_ug_counselling_2022.pdf,1145216,.pdf,d9004918946c2cf5a6c586e66faf8439cf5803857f3404e7dba36a8f8a64901c
data/raw/mcc_ug/2023/046_final_result_for_round_1_mbbs_bds_and_b_sc_nursing_ug_2022.pdf,3760551,.pdf,4da42e3b9ae1f1c33a219f890c417ae4fa07f23ba0b4c36f6ae3f0a588754eb7
data/raw/mcc_ug/2023/047_final_seat_matrix_for_b_sc_nursing_neet_ug_round_1.pdf,426337,.pdf,8347850f5dd29a2a7f634d14ab04fda8a2ceb9af80239b44097db1fc2ff29a8a
data/raw/mcc_ug/2023/048_final_seat_matrix_for_central_university_bds_round_1.pdf,424686,.pdf,da358f91ab226e08bf3d000be71736d875ee3dbb20e84d2610dbe58e41f6f78c
data/raw/mcc_ug/2023/049_final_seat_matrix_for_jamia_bds_round_1.pdf,409907,.pdf,559a9f0d7651087211ce3d565c5e34c3635970688cdf31c1c2aa976c0eed5308
data/raw/mcc_ug/2023/050_final_seat_matrix_for_deemed_bds_round_1.pdf,431944,.pdf,39e1caa727490add03ceb6d421972b7d68c6b25ce02f8a72b7f908d5f2726058
data/raw/mcc_ug/2023/051_final_seat_matrix_for_central_university_bds_round_1.pdf,424686,.pdf,da358f91ab226e08bf3d000be71736d875ee3dbb20e84d2610dbe58e41f6f78c
data/raw/mcc_ug/2023/052_final_seat_matrix_for_all_india_except_central_university_bds_round_1.pdf,436790,.pdf,7cc7546e6610356acea6c4ef9dba5d408f6150bd17ee5f2161baf2a89113ba1b
data/raw/mcc_ug/2023/053_final_seat_matrix_for_open_seats_all_india_institute_of_medical_science_aiims_mbbs_round_1.pdf,428368,.pdf,7c475ff57ea3515662caea8b81f41ff49ab3072a4ce85f6256ae6a4414d1919a
data/raw/mcc_ug/2023/054_final_seat_matrix_for_jipmer_mbbs_round_1.pdf,417649,.pdf,7f3f19bc2b0a0516568bb0b047cdbc5b7eca3e441ca0e4c3e2ea0b75870047ea
data/raw/mcc_ug/2023/055_final_seat_matrix_for_employees_state_insurance_scheme_mbbs_round_1.pdf,427064,.pdf,b31c6870da7e6aa09fcadbaea2c05aea3f57f3f0ac36db66e52da4fab64f59fe
data/raw/mcc_ug/2023/056_final_seat_matrix_for_deemed_mbbs_round_1.pdf,443076,.pdf,a067e232a2f728f073dca4ee565890841036d0186291efeff65691a6f86a28a7
data/raw/mcc_ug/2023/057_final_seat_matrix_for_central_university_mbbs_round_1.pdf,431190,.pdf,cf9784453f80c7525fad6334b7d3d1eb49ef0f9a8cd483e7810c0c6a27003bd0
data/raw/mcc_ug/2023/058_final_seat_matrix_for_central_university_mbbs_round_1.pdf,431190,.pdf,cf9784453f80c7525fad6334b7d3d1eb49ef0f9a8cd483e7810c0c6a27003bd0
data/raw/mcc_ug/2023/059_final_seat_matrix_for_central_university_mbbs_round_1.pdf,431764,.pdf,0f9f2592aa6720766ba113daf2ee711cb12aa63dad33f91fed99558f280b2c7d
data/raw/mcc_ug/2023/060_updated_final_seat_matrix_for_all_india_except_central_university_mbbs_round_1.pdf,511402,.pdf,9c85efe8255b061edffdbfc6beb120b9f013aaad3de793f9db83a756388c0b8b
data/raw/mcc_ug/2023/061_final_seat_matrix_for_all_india_except_central_university_bds_round_1.pdf,438706,.pdf,b75b1410a5accb627775f5525f168748c1c109eb234e2b7f4655eff844431e61
data/raw/mcc_ug/2023/062_updated_final_seat_matrix_for_all_india_except_central_university_mbbs_round_1.pdf,533313,.pdf,711094b3671870ed6fdb2ae946a3e223a843f1109fc19e7ff0f7f61900b3ebad
data/raw/mcc_ug/2023/archive_index.csv,13341,.csv,3d4de4a60f1d75c22ee5feb2db0870761b91e8d540c5a2c86865d9b9351e6322
data/raw/mcc_ug/2025/001_notice_for_revised_provisional_result_ii_for_round_3_of_ug_counselling_2025.pdf,256935,.pdf,1c0944390b18eda5a72401701d3fc5216fb8d609df6380cd3773479508bb4a1d
data/raw/mcc_ug/2025/002_revised_provisional_result_ii_for_round_3_of_ug_counselling_2025.pdf,8917276,.pdf,partial:7e94a5738480dd749ee25be47735d59a1d3cadf513562269d59a069df83f3899
data/raw/mcc_ug/2025/003_notice_for_result_stray_round_ug_2025.pdf,249848,.pdf,b4caae0ae2f3f62d537ec796159acf6bf8f328bec51427e311d3ac5f4692eb64
data/raw/mcc_ug/2025/004_provisional_allotment_result_for_stray_vacacy_round_ug_2025.pdf,182164,.pdf,4689effa5fba65c2cab336154ccfd877ac7764383f0e51d5593bbaefa02c3dcb
data/raw/mcc_ug/2025/archive_index.csv,952,.csv,3e45e63ffef4fef8bf3bead77b800714999baf994b3d43a370d73d7344e8d6b2
data/raw/neet_2024/pdfs/110101.pdf,318,.pdf,f7e9798efe0f89b35c5c98e0d305d73c4c1689bdfdc3e1c81c2e5b3507392e3b
data/raw/neet_2024/pdfs_wayback/110101.pdf,17624,.pdf,e73e1db46a129f5f1ddbe21513cd997aa85810d622487b5d50e63a9ccb3f4c81
data/raw/neet_2024/pdfs_wayback/110102.pdf,17432,.pdf,a6c26a97a098a2753869aed73cfb029d6e8669b33874cd4f014c8fb1b9a181ab
data/raw/neet_2024/pdfs_wayback/110103.pdf,13626,.pdf,acac14b37c595a589f5a77e80e966608b833fbe11cb4166815d104c6c77eb602
data/raw/neet_2024/pdfs_wayback/121201.pdf,21912,.pdf,a5215ed137f22a06295d40f9b9aa6404f0d2236c6e911550ac38ee1a38cc88d7
data/raw/neet_2024/pdfs_wayback/121202.pdf,17581,.pdf,97ff9d5d26b94c26ba13fbc5f986756fe838c748b51d6cf7040049066cb967ab
data/raw/neet_2024/pdfs_wayback/121203.pdf,18519,.pdf,fa44c89002edf199e8462631e70dc22fc1c27263cd96864feca1c3e6722482f6
data/raw/neet_2024/pdfs_wayback/121204.pdf,16820,.pdf,936a58255727e6dd06df1ad11ec10f0e8a86073c58733b1ccf0e63066125be21
data/raw/neet_2024/pdfs_wayback/121301.pdf,22875,.pdf,d7b9ee644694d43bcda77de3230bd29d87b9b2d867d7a6a1e6a731cc8981ed5d
data/raw/neet_2024/pdfs_wayback/121401.pdf,16561,.pdf,5c4c9a30db04d03688ce93637e588c0f502132b9cc020156dcc3eded427bea15
data/raw/neet_2024/pdfs_wayback/121501.pdf,14104,.pdf,4f53575982edd247692e682fdbaf4f41aa51d076ecd6f399f2c8820fd7a3a00c
data/raw/neet_2024/pdfs_wayback/220502.pdf,19574,.pdf,1ed400841b125f77cda353a3a1d4b72722c204052a18a04e05320f697859c513
data/raw/neet_2024/pdfs_wayback/220701.pdf,34323,.pdf,03fc84451a0074063bead01906a532067abf16af8ce8b6fef0cd295929f0fe64
data/raw/neet_2024/pdfs_wayback/230701.pdf,16274,.pdf,9e838e619c02ff72a4ca2e3107051338dfbec9f89095ed80720151de89523e40
data/raw/neet_2024/pdfs_wayback/392349.pdf,22713,.pdf,c0173c2e50113eea7f00dd687f732deef9862eafb96d4973ff755edfb119ca52
data/raw/neet_2024/wayback_cdx.json,3,.json,37517e5f3dc66819f61f5a7bb8ace1921282415f10551d2defa5c3eb0985b570
data/raw/neet_2024/wayback_prefix.json,1337,.json,e389953c0bd373e75122bfce02a4b22708a3ee03f2d1112adc0ca90e430519d9
data/raw/neet_2024/wayback_sample.json,3,.json,37517e5f3dc66819f61f5a7bb8ace1921282415f10551d2defa5c3eb0985b570
data/raw/nmc_api_probe.json,80,.json,3d6b424cc2eab1fd66dfb890bde2a04f2e95c4ca08fed56dc7aab3c067216f6f
data/raw/nmc_colleges.csv,605999,.csv,d9010d3e0e9d858b5766918b6d4b3e877ec34f18d0c7ef2cb5f883d347e9ff55
data/raw/nmc_mbbs_page.html,72494,.html,78b2bf6d867a983c6251455686f6555c8bb47235fc1120eeaf4c1e696bb12985
data/raw/nmc_ug_colleges.json,980048,.json,ee921afaa27a0297fd8906801b50cd31f7a818e7384b193bf12b16673aa2fa63
