file,centre_id,bytes,sha256
data/raw/neet_2024/pdfs_wayback/110101.pdf,110101,17624,e73e1db46a129f5f1ddbe21513cd997aa85810d622487b5d50e63a9ccb3f4c81
data/raw/neet_2024/pdfs_wayback/110102.pdf,110102,17432,a6c26a97a098a2753869aed73cfb029d6e8669b33874cd4f014c8fb1b9a181ab
data/raw/neet_2024/pdfs_wayback/110103.pdf,110103,13626,acac14b37c595a589f5a77e80e966608b833fbe11cb4166815d104c6c77eb602
data/raw/neet_2024/pdfs_wayback/121201.pdf,121201,21912,a5215ed137f22a06295d40f9b9aa6404f0d2236c6e911550ac38ee1a38cc88d7
data/raw/neet_2024/pdfs_wayback/121202.pdf,121202,17581,97ff9d5d26b94c26ba13fbc5f986756fe838c748b51d6cf7040049066cb967ab
data/raw/neet_2024/pdfs_wayback/121203.pdf,121203,18519,fa44c89002edf199e8462631e70dc22fc1c27263cd96864feca1c3e6722482f6
data/raw/neet_2024/pdfs_wayback/121204.pdf,121204,16820,936a58255727e6dd06df1ad11ec10f0e8a86073c58733b1ccf0e63066125be21
data/raw/neet_2024/pdfs_wayback/121301.pdf,121301,22875,d7b9ee644694d43bcda77de3230bd29d87b9b2d867d7a6a1e6a731cc8981ed5d
data/raw/neet_2024/pdfs_wayback/121401.pdf,121401,16561,5c4c9a30db04d03688ce93637e588c0f502132b9cc020156dcc3eded427bea15
data/raw/neet_2024/pdfs_wayback/121501.pdf,121501,14104,4f53575982edd247692e682fdbaf4f41aa51d076ecd6f399f2c8820fd7a3a00c
data/raw/neet_2024/pdfs_wayback/220502.pdf,220502,19574,1ed400841b125f77cda353a3a1d4b72722c204052a18a04e05320f697859c513
data/raw/neet_2024/pdfs_wayback/220701.pdf,220701,34323,03fc84451a0074063bead01906a532067abf16af8ce8b6fef0cd295929f0fe64
data/raw/neet_2024/pdfs_wayback/230701.pdf,230701,16274,9e838e619c02ff72a4ca2e3107051338dfbec9f89095ed80720151de89523e40
data/raw/neet_2024/pdfs_wayback/392349.pdf,392349,22713,c0173c2e50113eea7f00dd687f732deef9862eafb96d4973ff755edfb119ca52
