marks,candidates,share,cumulative_share
-180,2,8.572058005402111e-07,8.572058005402111e-07
-170,1,4.2860290027010557e-07,1.2858087008103167e-06
-149,1,4.2860290027010557e-07,1.7144116010804223e-06
-144,1,4.2860290027010557e-07,2.1430145013505277e-06
-140,1,4.2860290027010557e-07,2.5716174016206333e-06
-136,1,4.2860290027010557e-07,3.000220301890739e-06
-135,2,8.572058005402111e-07,3.85742610243095e-06
-129,1,4.2860290027010557e-07,4.286029002701055e-06
-126,1,4.2860290027010557e-07,4.714631902971161e-06
-105,1,4.2860290027010557e-07,5.143234803241267e-06
-103,1,4.2860290027010557e-07,5.571837703511372e-06
-102,1,4.2860290027010557e-07,6.000440603781478e-06
-98,1,4.2860290027010557e-07,6.4290435040515835e-06
-96,1,4.2860290027010557e-07,6.857646404321689e-06
-92,1,4.2860290027010557e-07,7.286249304591795e-06
-89,2,8.572058005402111e-07,8.143455105132006e-06
-87,1,4.2860290027010557e-07,8.57205800540211e-06
-85,1,4.2860290027010557e-07,9.000660905672216e-06
-81,1,4.2860290027010557e-07,9.42926380594232e-06
-80,1,4.2860290027010557e-07,9.857866706212425e-06
-78,1,4.2860290027010557e-07,1.028646960648253e-05
-70,4,1.7144116010804223e-06,1.2000881207562952e-05
-68,1,4.2860290027010557e-07,1.2429484107833057e-05
-67,2,8.572058005402111e-07,1.3286689908373268e-05
-65,4,1.7144116010804223e-06,1.5001101509453691e-05
-63,1,4.2860290027010557e-07,1.5429704409723796e-05
-60,4,1.7144116010804223e-06,1.7144116010804218e-05
-59,1,4.2860290027010557e-07,1.7572718911074325e-05
-58,1,4.2860290027010557e-07,1.800132181134443e-05
-56,1,4.2860290027010557e-07,1.8429924711614538e-05
-55,4,1.7144116010804223e-06,2.014433631269496e-05
-54,1,4.2860290027010557e-07,2.0572939212965067e-05
-53,3,1.2858087008103167e-06,2.1858747913775383e-05
-52,2,8.572058005402111e-07,2.2715953714315592e-05
-51,2,8.572058005402111e-07,2.35731595148558e-05
-50,11,4.714631902971161e-06,2.8287791417826963e-05
-49,5,2.1430145013505277e-06,3.043080591917749e-05
-48,5,2.1430145013505277e-06,3.257382042052802e-05
-47,7,3.000220301890739e-06,3.557404072241876e-05
-46,4,1.7144116010804223e-06,3.728845232349918e-05
-45,12,5.143234803241267e-06,4.243168712674044e-05
-44,8,3.4288232021608446e-06,4.586051032890129e-05
-43,7,3.000220301890739e-06,4.886073063079203e-05
-42,2,8.572058005402111e-07,4.971793643133224e-05
-41,10,4.286029002701055e-06,5.40039654340333e-05
-40,31,1.3286689908373272e-05,6.729065534240658e-05
-39,14,6.000440603781478e-06,7.329109594618806e-05
-38,13,5.571837703511372e-06,7.886293364969943e-05
-37,6,2.5716174016206333e-06,8.143455105132006e-05
-36,17,7.286249304591794e-06,8.872080035591185e-05
-35,52,2.228735081404549e-05,0.00011100815116995734
-34,26,1.1143675407022744e-05,0.00012215182657698007
-33,18,7.7148522048619e-06,0.00012986667878184198
-32,25,1.0715072506752638e-05,0.00014058175128859462
-31,17,7.286249304591794e-06,0.00014786800059318642
-30,91,3.9002863924579604e-05,0.00018687086451776603
-29,35,1.5001101509453694e-05,0.00020187196602721973
-28,28,1.2000881207562956e-05,0.0002138728472347827
-27,42,1.8001321811344434e-05,0.00023187416904612714
-26,47,2.014433631269496e-05,0.0002520185053588221
-25,148,6.343322923997562e-05,0.0003154517345987977
-24,86,3.6859849423229075e-05,0.00035231158402202677
-23,68,2.9144997218367176e-05,0.00038145658124039394
-22,83,3.557404072241876e-05,0.0004170306219628127
-21,80,3.428823202160844e-05,0.0004513188539844212
-20,266,0.00011400837147184807,0.0005653272254562692
-19,139,5.9575803137544674e-05,0.000624903028593814
-18,109,4.671771612944151e-05,0.0006716207447232554
-17,134,5.7432788636194145e-05,0.0007290535333594496
-16,155,6.643344954186636e-05,0.000795486982901316
-15,445,0.00019072829062019697,0.0009862152735215129
-14,245,0.00010500771056617586,0.0010912229840876887
-13,229,9.815006416185417e-05,0.001189373048249543
-12,259,0.00011100815116995734,0.0013003811994195002
-11,228,9.772146126158406e-05,0.0013981026606810843
-10,787,0.0003373104825125731,0.0017354131431936573
-9,404,0.00017315557170912265,0.00190856871490278
-8,357,0.00015301123539642768,0.002061579950299208
-7,389,0.00016672652820507106,0.002228306478504279
-6,436,0.00018687086451776603,0.002415177343022045
-5,1168,0.0005006081875154833,0.002915785530537528
-4,684,0.0002931643837847522,0.0032089499143222802
-3,600,0.0002571617401620633,0.0034661116544843435
-2,675,0.0002893069576823212,0.0037554186121666645
-1,715,0.00030645107369312545,0.00406186968585979
0,2259,0.0009682139517101685,0.005030083637569958
1,1012,0.0004337461350733468,0.005463829772643305
2,1020,0.00043717495827550764,0.005901004730918813
3,961,0.00041188738715957143,0.006312892118078384
4,1040,0.00044574701628090975,0.006758639134359294
5,2512,0.0010766504854785052,0.0078352896198378
6,1410,0.0006043300893808488,0.008439619709218648
7,1394,0.0005974724429765271,0.009037092152195175
8,1388,0.0005949008255749065,0.00963199297777008
9,1501,0.0006433329533054285,0.01027532593107551
10,3415,0.0014636789044224104,0.01173900483549792
11,2111,0.0009047807224701928,0.012643785557968112
12,1942,0.000832346832324545,0.013476132390292658
13,1949,0.0008353470526264357,0.014311479442919094
14,2032,0.0008709210933488544,0.015182400536267949
15,4512,0.0019338562860187162,0.017116256822286666
16,2654,0.0011375120973168601,0.018253768919603525
17,2472,0.001059506369467701,0.019313275289071227
18,2613,0.0011199393784057858,0.020433214667477013
19,2572,0.0011023666594947115,0.021535581326971726
20,5740,0.002460180647550406,0.02399576197452213
21,3483,0.0014928239016407776,0.025488585876162907
22,3150,0.0013500991358508325,0.026838685012013738
23,3152,0.0013509563416513727,0.028189641353665112
24,3287,0.001408817733187837,0.02959845908685295
25,7121,0.003052081252823422,0.03265054033967637
26,4241,0.0018177049000455176,0.03446824523972189
27,3639,0.0015596859540829141,0.036027931193804805
28,3813,0.0016342628587299125,0.037662194052534716
29,3984,0.0017075539546761004,0.03936974800721082
30,8468,0.003629409359487254,0.04299915736669807
31,4862,0.0020838673011132534,0.045083024667811326
32,4465,0.0019137119497060213,0.04699673661751735
33,4528,0.0019407139324230378,0.048937450549940385
34,4579,0.0019625726803368135,0.050900023230277196
35,9965,0.0042710279011916015,0.0551710511314688
36,5656,0.002424178003927717,0.05759522913539652
37,5233,0.0022428789771134624,0.05983810811250998
38,5054,0.0021661590579651136,0.062004267170475094
39,5185,0.0022223060379004973,0.06422657320837559
40,11056,0.004738633665386287,0.06896520687376187
41,6523,0.0027957767184618983,0.07176098359222377
42,5752,0.002465323882353647,0.07422630747457742
43,5672,0.002431035650332039,0.07665734312490946
44,5879,0.0025197564506879507,0.07917709957559742
45,12593,0.005397396323101439,0.08457449589869885
46,7272,0.0031168002907642077,0.08769129618946306
47,6452,0.002765345912542721,0.09045664210200578
48,6336,0.0027156279761113887,0.09317227007811717
49,6521,0.002794919512661358,0.09596718959077853
50,13853,0.005937435977441772,0.1019046255682203
51,7730,0.003313100419087916,0.10521772598730822
52,7015,0.0030066493453947906,0.10822437533270302
53,6747,0.0028917837681224023,0.11111615910082542
54,6674,0.0028604957564026846,0.1139766548572281
55,14384,0.0061650241174851985,0.1201416789747133
56,7961,0.0034121076890503105,0.12355378666376361
57,7500,0.0032145217520257916,0.1267683084157894
58,7151,0.003064939339831525,0.1298332477556209
59,7098,0.003042223386117209,0.13287547114173812
60,15277,0.006547766507426402,0.1394232376491645
61,8567,0.0036718410466139943,0.1430950786957785
62,7740,0.003317386448090617,0.14641246514386913
63,7415,0.0031780905055028325,0.14959055564937196
64,7281,0.0031206577168666383,0.1527112133662386
65,15811,0.006776640456170639,0.15948785382240924
66,8945,0.003833852942916094,0.16332170676532534
67,7972,0.0034168223209532812,0.16673852908627862
68,7604,0.0032590964536538826,0.1699976255399325
69,7625,0.0032680971145595547,0.17326572265449205
70,16153,0.006923222648063015,0.18018894530255508
71,8914,0.0038205662530077207,0.1840095115555628
72,8134,0.0034862559907970383,0.18749576754635985
73,7769,0.00332981593219845,0.1908255834785583
74,7814,0.003349103062710605,0.1941746865412689
75,16157,0.006924937059664096,0.201099623600933
76,9016,0.0038642837488352716,0.20496390734976827
77,8238,0.0035308306924251294,0.2084947380421934
78,7996,0.003427108790559764,0.21192184683275317
79,7701,0.003300670934980083,0.21522251776773324
80,15974,0.0068465027289146664,0.2220690204966479
81,8910,0.0038188518414066404,0.22588787233805455
82,8149,0.00349268503430109,0.22938055737235563
83,7870,0.003373104825125731,0.23275366219748136
84,7947,0.0034061072484465288,0.2361597694459279
85,15784,0.006765068177863346,0.24292483762379125
86,8955,0.003838138971918795,0.24676297659571003
87,8189,0.0035098291503118943,0.25027280574602195
88,7722,0.003309671595885755,0.2535824773419077
89,7750,0.003321672477093318,0.256904149819001
90,15302,0.006558481579933155,0.26346263139893417
91,8810,0.0037759915513796297,0.2672386229503138
92,7976,0.003418536732554362,0.2706571596828682
93,7716,0.0033070999784841344,0.2739642596613523
94,7832,0.0033568179149154665,0.2773210775762678
95,14652,0.006279889694757587,0.28360096727102535
96,8676,0.0037185587627434355,0.2873195260337688
97,7978,0.003419393938354902,0.2907389199721237
98,7640,0.0032745261580636063,0.2940134461301873
99,7476,0.003204235282419309,0.2972176814126066
100,14246,0.006105876917247924,0.3033235583298545
101,8475,0.0036324095797891447,0.3069559679096437
102,7777,0.003333244755400611,0.3102892126650443
103,7380,0.003163089403993379,0.3134523020690377
104,7397,0.003170375653297971,0.31662267772233565
105,13571,0.005816569959565602,0.32243924768190124
106,8287,0.003551832234538365,0.3259910799164396
107,7374,0.003160517786591758,0.3291515977030314
108,7359,0.0031540887430877066,0.3323056864461191
109,7240,0.003103084997955564,0.33540877144407466
110,13039,0.005588553216621907,0.34099732466069654
111,8051,0.00345068195007462,0.3444480066107712
112,7460,0.0031973776360149876,0.34764538424678615
113,7152,0.003065367942731795,0.35071075218951797
114,7137,0.0030589388992277432,0.35376969108874573
115,12363,0.005298817656039315,0.359068508744785
116,7651,0.0032792407899665775,0.3623477495347516
117,7042,0.0030182216237020832,0.36536597115845365
118,6887,0.002951788174160217,0.36831775933261385
119,6945,0.002976647142375883,0.37129440647498974
120,11658,0.004996652611348891,0.37629105908633864
121,7352,0.003151088522785816,0.3794421476091245
122,7001,0.003000648904791009,0.3824427965139155
123,6671,0.002859209947701874,0.3853020064616174
124,6588,0.002823635906979455,0.38812564236859687
125,10999,0.004714203300070891,0.39283984566866775
126,7178,0.0030765116181388176,0.3959163572868066
127,6786,0.0029084992812329364,0.3988248565680395
128,6627,0.0028403514200899893,0.4016652079881295
129,6509,0.002789776277858117,0.4044549842659876
130,10470,0.004487472365828005,0.4089424566318156
131,6951,0.0029792187597775036,0.41192167539159313
132,6495,0.0027837758372543354,0.41470545122884744
133,6301,0.002700626874601935,0.4174060781034494
134,6310,0.002704484300704366,0.42011056240415373
135,10023,0.004295886869407268,0.424406449273561
136,6605,0.002830922156284047,0.4272373714298451
137,6345,0.0027194854022138198,0.4299568568320589
138,6125,0.0026251927641543966,0.4325820495962133
139,6118,0.0026221925438525058,0.4352042421400658
140,9446,0.004048582995951417,0.4392528251360172
141,6404,0.002744772973329756,0.44199759810934697
142,6030,0.0025844754886287366,0.4445820735979757
143,5993,0.0025686171813187426,0.4471506907792944
144,5787,0.0024803249838631007,0.4496310157631575
145,9091,0.0038964289663555294,0.453527444729513
146,6133,0.0026286215873565573,0.45615606631686956
147,5951,0.002550615859507398,0.45870668217637695
148,5748,0.0024636094707525666,0.4611702916471295
149,5802,0.0024867540273671523,0.46365704567449667
150,8504,0.0036448390638969775,0.4673018847383936
151,6074,0.002603334016240621,0.46990521875463426
152,5720,0.0024516085895450036,0.4723568273441793
153,5597,0.0023988904328117806,0.47475571777699105
154,5475,0.002346600878978828,0.47710231865596986
155,8020,0.0034373952601662464,0.4805397139161361
156,5788,0.002480753586763371,0.48302046750289945
157,5554,0.002380460508100166,0.4854009280109996
158,5494,0.00235474433408396,0.48775567234508355
159,5355,0.002295168530946415,0.49005084087602996
160,7826,0.003354246297513846,0.4934050871735438
161,5642,0.0024181775633239353,0.4958232647368677
162,5365,0.0022994545599491164,0.49812271929681684
163,5238,0.0022450219916148127,0.5003677412884316
164,5113,0.0021914466290810495,0.5025591879175126
165,7349,0.0031498027140850057,0.5057089906315977
166,5364,0.002299025957048846,0.5080080165886466
167,5231,0.0022420217713129222,0.5102500383599595
168,4996,0.0021413000897494475,0.512391338449709
169,5006,0.0021455861187521484,0.5145369245684611
170,7038,0.003016507212101003,0.5175534317805621
171,5311,0.0022763100033345307,0.5198297417838966
172,4927,0.00211172648963081,0.5219414682735274
173,4979,0.0021340138404448553,0.5240754821139723
174,4847,0.002077438257609202,0.5261529203715815
175,6640,0.0028459232577935007,0.528998843629375
176,5140,0.0022030189073883426,0.5312018625367634
177,4914,0.002106154651927299,0.5333080171886907
178,4744,0.0020332921588813806,0.5353413093475721
179,4755,0.002038006790784352,0.5373793161383564
180,6586,0.002822778701178915,0.5402020948395353
181,5044,0.0021618730289624122,0.5423639678684977
182,4768,0.002043578628487863,0.5444075464969855
183,4689,0.002009718999366525,0.5464172654963521
184,4792,0.002053865098094346,0.5484711305944464
185,6266,0.002685625773092481,0.5511567563675389
186,4736,0.00202986333567922,0.5531866197032181
187,4624,0.001981859810848968,0.5551684795140671
188,4560,0.001954429225231681,0.5571229087392988
189,4422,0.0018952820249944068,0.5590181907642933
190,6003,0.0025729032103214435,0.5615910939746147
191,4643,0.0019900032659541,0.5635810972405688
192,4455,0.0019094259207033202,0.5654905231612721
193,4450,0.0019072829062019697,0.5673978060674741
194,4305,0.0018451354856628044,0.5692429415531369
195,5667,0.0024288926358306882,0.5716718341889676
196,4484,0.0019218554048111532,0.5735936895937788
197,4316,0.0018498501175657756,0.5754435397113445
198,4433,0.0018999966568973778,0.5773435363682419
199,4304,0.0018447068827625343,0.5791882432510044
200,5563,0.002384317934202597,0.581572561185207
201,4401,0.0018862813640887345,0.5834588425492957
202,4361,0.0018691372480779303,0.5853279797973736
203,4256,0.0018241339435495691,0.5871521137409231
204,4154,0.0017804164477220185,0.5889325301886451
205,5211,0.00223344971330752,0.5911659799019526
206,4325,0.0018537075436682066,0.5930196874456208
207,4182,0.0017924173289295814,0.5948121047745504
208,4076,0.0017469854215009502,0.5965590901960514
209,4091,0.0017534144650050017,0.5983125046610563
210,5026,0.0021541581767575506,0.6004666628378139
211,4136,0.0017727015955171566,0.602239364433331
212,4020,0.0017229836590858243,0.6039623480924169
213,4021,0.0017234122619860944,0.605685760354403
214,3956,0.0016955530734685375,0.6073813134278716
215,4995,0.002140871486849177,0.6095221849147208
216,3886,0.0016655508704496301,0.6111877357851704
217,3942,0.001689552632864756,0.6128772884180351
218,3941,0.001689124029964486,0.6145664124479996
219,3905,0.001673694325554762,0.6162401067735543
220,4906,0.0021027258287251377,0.6183428326022795
221,3951,0.001693410058967187,0.6200362426612467
222,3848,0.001649263960239366,0.621685506621486
223,3705,0.0015879737455007411,0.6232734803669868
224,3744,0.0016046892586112753,0.6248781696255981
225,4628,0.0019835742224500485,0.6268617438480482
226,4014,0.0017204120416842038,0.6285821558897323
227,3777,0.0016188331543201886,0.6302009890440525
228,3782,0.001620976168821539,0.631821965212874
229,3703,0.001587116539700201,0.6334090817525743
230,4477,0.0019188551845092626,0.6353279369370836
231,3729,0.0015982602151072235,0.6369261971521908
232,3669,0.0015725440410910172,0.6384987411932818
233,3700,0.0015858307309993905,0.6400845719242811
234,3652,0.0015652577917864255,0.6416498297160675
235,4338,0.0018592793813717178,0.6435091090974393
236,3567,0.0015288265452634666,0.6450379356427027
237,3482,0.0014923952987405075,0.6465303309414432
238,3564,0.0015275407365626561,0.6480578716780059
239,3528,0.0015121110321529325,0.6495699827101589
240,4162,0.0017838452709241792,0.6513538279810831
241,3655,0.0015665436004872358,0.6529203715815703
242,3575,0.0015322553684656273,0.6544526269500359
243,3533,0.001514254046654283,0.6559668809966902
244,3507,0.0015031103712472601,0.6574699913679375
245,4059,0.0017396991721963585,0.6592096905401339
246,3506,0.00150268176834699,0.6607123723084809
247,3462,0.0014838232407351055,0.662196195549216
248,3452,0.0014795372117324043,0.6636757327609485
249,3284,0.0014075319244870267,0.6650832646854355
250,4117,0.0017645581404120245,0.6668478228258475
251,3508,0.0015035389741475302,0.6683513617999951
252,3397,0.0014559640522175486,0.6698073258522127
253,3376,0.0014469633913118762,0.6712542892435246
254,3381,0.001449106405813227,0.6727033956493378
255,3905,0.001673694325554762,0.6743770899748925
256,3342,0.0014323908927026928,0.6758094808675952
257,3302,0.0014152467766918885,0.6772247276442871
258,3340,0.0014315336869021526,0.6786562613311893
259,3255,0.0013951024403791935,0.6800513637715685
260,3719,0.0015939741861045226,0.681645337957673
261,3328,0.0014263904520989113,0.6830717284097719
262,3223,0.0013813871475705502,0.6844531155573425
263,3233,0.0013856731765732513,0.6858387887339157
264,3291,0.0014105321447889173,0.6872493208787046
265,3749,0.0016068322731126257,0.6888561531518173
266,3294,0.0014118179534897276,0.690267971105307
267,3172,0.0013595283996567747,0.6916274995049638
268,3047,0.0013059530371230116,0.6929334525420868
269,3208,0.0013749581040664986,0.6943084106461533
270,3665,0.0015708296294899369,0.6958792402756433
271,3254,0.0013946738374789234,0.6972739141131222
272,3120,0.0013372410488427292,0.6986111551619649
273,3097,0.001327383182136517,0.6999385383441015
274,3230,0.001384387367872441,0.7013229257119739
275,3610,0.001547256469975081,0.702870182181949
276,3146,0.001348384724249752,0.7042185669061988
277,3052,0.001308096051624362,0.7055266629578232
278,2998,0.0012849514950097763,0.7068116144528329
279,2979,0.0012768080399046444,0.7080884224927375
280,3416,0.0014641075073226805,0.7095525300000602
281,2997,0.0012845228921095062,0.7108370528921697
282,2973,0.0012742364225030239,0.7121112893146727
283,2942,0.0012609497325946504,0.7133722390472673
284,3054,0.0013089532574249024,0.7146811923046922
285,3504,0.0015018245625464499,0.7161830168672386
286,3031,0.00129909539071869,0.7174821122579573
287,2854,0.0012232326773708813,0.7187053449353282
288,2851,0.001221946868670071,0.7199272918039983
289,2944,0.0012618069383951906,0.7211890987423935
290,3351,0.0014362483188051238,0.7226253470611986
291,2930,0.0012558064977914092,0.7238811535589901
292,2880,0.001234376352777904,0.725115529911768
293,2839,0.0012168036338668297,0.7263323335456348
294,2671,0.0011447983466214518,0.7274771318922562
295,3304,0.0014161039824924287,0.7288932358747486
296,2759,0.0011825154018452212,0.7300757512765939
297,2942,0.0012609497325946504,0.7313367010091885
298,2829,0.0012125176048641286,0.7325492186140526
299,2826,0.0012112317961633183,0.733760450410216
300,3204,0.0013732436924654182,0.7351336941026814
301,2862,0.001226661500573042,0.7363603556032544
302,2679,0.0011482271698236128,0.7375085827730781
303,2741,0.0011748005496403592,0.7386833833227184
304,2794,0.0011975165033546748,0.7398808998260731
305,3194,0.0013689576634627171,0.7412498574895358
306,2780,0.0011915160627508933,0.7424413735522867
307,2746,0.0011769435641417099,0.7436183171164283
308,2577,0.001104509673996062,0.7447228267904245
309,2820,0.0012086601787616976,0.7459314869691861
310,3008,0.0012892375240124774,0.7472207244931985
311,2792,0.0011966592975541346,0.7484173837907526
312,2664,0.0011417981263195612,0.7495591819170722
313,2598,0.0011135103349017342,0.7506726922519739
314,2640,0.0011315116567130786,0.751804203908687
315,2886,0.0012369479701795246,0.7530411518788664
316,2650,0.0011357976857157798,0.7541769495645823
317,2645,0.001133654671214429,0.7553106042357967
318,2620,0.0011229395987076766,0.7564335438345043
319,2660,0.0011400837147184809,0.7575736275492229
320,3019,0.0012939521559154486,0.7588675797051383
321,2691,0.001153370404626854,0.7600209501097651
322,2546,0.0010912229840876887,0.7611121730938528
323,2590,0.0011100815116995733,0.7622222546055524
324,2527,0.0010830795289825568,0.7633053341345349
325,2881,0.0012348049556781741,0.7645401390902131
326,2533,0.0010856511463841773,0.7656257902365973
327,2367,0.0010145030649393399,0.7666402933015366
328,2486,0.0010655068100714825,0.767705800111608
329,2463,0.00105564894336527,0.7687614490549733
330,2806,0.001202659738157916,0.7699641087931313
331,2521,0.001080507911580936,0.7710446167047122
332,2496,0.0010697928390741834,0.7721144095437864
333,2462,0.0010552203404649999,0.7731696298842514
334,2462,0.0010552203404649999,0.7742248502247164
335,2772,0.0011880872395487326,0.7754129374642652
336,2474,0.0010603635752682412,0.7764733010395335
337,2477,0.0010616493839690514,0.7775349504235025
338,2310,0.000990072699623944,0.7785250231231264
339,2316,0.0009926443170255644,0.779517667440152
340,2718,0.001164942682934147,0.7806826101230862
341,2345,0.0010050738011333975,0.7816876839242195
342,2361,0.001011931447537719,0.7826996153717573
343,2401,0.0010290755635485233,0.7837286909353057
344,2349,0.001006788212734478,0.7847354791480402
345,2697,0.0011559420220284746,0.7858914211700687
346,2373,0.0010170746823409604,0.7869084958524096
347,2457,0.0010530773259636494,0.7879615731783732
348,2355,0.0010093598301360986,0.7889709330085093
349,2295,0.0009836436561198923,0.7899545766646292
350,2640,0.0011315116567130786,0.7910860883213423
351,2338,0.0010020735808315068,0.7920881619021738
352,2359,0.001011074241737179,0.793099236143911
353,2332,0.000999501963429886,0.7940987381073409
354,2327,0.0009973589489285356,0.7950960970562694
355,2593,0.0011113673204003838,0.7962074643766698
356,2365,0.0010136458591387997,0.7972211102358085
357,2211,0.0009476410124972034,0.7981687512483058
358,2210,0.0009472124095969333,0.7991159636579027
359,2214,0.0009489268211980137,0.8000648904791007
360,2574,0.0011032238652952516,0.8011681143443959
361,2220,0.0009514984385996343,0.8021196127829956
362,2230,0.0009557844676023353,0.803075397250598
363,2229,0.0009553558647020652,0.8040307531153
364,2156,0.0009240678529823476,0.8049548209682824
365,2541,0.0010890799695863383,0.8060439009378687
366,2179,0.00093392571968856,0.8069778266575572
367,2281,0.0009776432155161109,0.8079554698730733
368,2218,0.0009506412327990941,0.8089061111058724
369,2154,0.0009232106471818073,0.8098293217530542
370,2351,0.0010076454185350182,0.8108369671715893
371,2221,0.0009519270414999044,0.8117888942130892
372,2117,0.0009073523398718135,0.812696246552961
373,2073,0.0008884938122599288,0.813584740365221
374,2153,0.0009227820442815372,0.8145075224095025
375,2454,0.001051791517262839,0.8155593139267654
376,2131,0.0009133527804755949,0.816472666707241
377,2145,0.0009193532210793764,0.8173920199283203
378,2109,0.0009039235166696526,0.81829594344499
379,2022,0.0008666350643461534,0.8191625785093362
380,2380,0.0010200749026428512,0.820182653411979
381,2118,0.0009077809427720836,0.8210904343547512
382,2103,0.000901351899268032,0.8219917862540191
383,2082,0.0008923512383623598,0.8228841374923815
384,2056,0.000881207562955337,0.8237653450553368
385,2232,0.0009566416734028756,0.8247219867287398
386,2083,0.0008927798412626299,0.8256147665700024
387,2032,0.0008709210933488544,0.8264856876633513
388,2005,0.0008593488150415616,0.8273450364783929
389,1968,0.0008434905077315677,0.8281885269861244
390,2198,0.000942069174793692,0.8291305961609181
391,2020,0.0008657778585456132,0.8299963740194637
392,2012,0.0008623490353434523,0.8308587230548071
393,1975,0.0008464907280334585,0.8317052137828406
394,1974,0.0008460621251331884,0.8325512759079737
395,2168,0.0009292110877855888,0.8334804869957593
396,1979,0.0008482051396345388,0.8343286921353938
397,1943,0.0008327754352248151,0.8351614675706187
398,1956,0.0008383472729283265,0.835999814843547
399,1879,0.0008053448496075284,0.8368051596931545
400,2176,0.0009326399109877496,0.8377377996041423
401,2054,0.0008803503571547967,0.8386181499612971
402,1892,0.0008109166873110397,0.8394290666486082
403,1900,0.0008143455105132006,0.8402434121591214
404,1925,0.0008250605830199531,0.8410684727421412
405,2188,0.0009377831457909909,0.8420062558879322
406,1962,0.0008409188903299471,0.8428471747782622
407,2054,0.0008803503571547967,0.843727525135417
408,1884,0.0008074878641088788,0.8445350129995259
409,1892,0.0008109166873110397,0.845345929686837
410,2070,0.0008872080035591185,0.8462331376903961
411,1956,0.0008383472729283265,0.8470714849633244
412,1842,0.0007894865422975344,0.8478609715056219
413,1808,0.0007749140436883508,0.8486358855493102
414,1881,0.0008062020554080685,0.8494420876047183
415,2077,0.0008902082238610092,0.8503322958285793
416,1856,0.0007954869829013159,0.8511277828114806
417,1815,0.0007779142639902416,0.8519056970754708
418,1758,0.0007534838986748456,0.8526591809741456
419,1879,0.0008053448496075284,0.8534645258237531
420,2049,0.0008782073426534463,0.8543427331664065
421,1758,0.0007534838986748456,0.8550962170650813
422,1846,0.0007912009538986149,0.8558874180189799
423,1738,0.0007449118406694435,0.8566323298596494
424,1800,0.00077148522048619,0.8574038150801356
425,2034,0.0008717782991493947,0.858275593379285
426,1812,0.0007766284552894313,0.8590522218345745
427,1815,0.0007779142639902416,0.8598301360985647
428,1837,0.0007873435277961838,0.8606174796263609
429,1793,0.0007684850001842993,0.8613859646265453
430,2007,0.0008602060208421019,0.8622461706473874
431,1827,0.0007830574987934828,0.8630292281461809
432,1768,0.0007577699276775466,0.8637869980738584
433,1756,0.0007526266928743053,0.8645396247667327
434,1862,0.0007980586003029365,0.8653376833670356
435,1916,0.0008212031569175222,0.8661588865239531
436,1810,0.000775771249488891,0.866934657773442
437,1704,0.0007303393420602599,0.8676649971155023
438,1757,0.0007530552957745755,0.8684180524112769
439,1646,0.0007054803738445937,0.8691235327851214
440,1825,0.0007822002929929427,0.8699057330781144
441,1748,0.0007491978696721445,0.8706549309477865
442,1629,0.000698194124540002,0.8713531250723264
443,1652,0.0007080519912462144,0.8720611770635727
444,1738,0.0007449118406694435,0.8728060889042422
445,1862,0.0007980586003029365,0.8736041475045451
446,1744,0.0007474834580710641,0.8743516309626161
447,1618,0.0006934794926370308,0.8750451104552531
448,1635,0.0007007657419416226,0.8757458761971948
449,1653,0.0007084805941464844,0.8764543567913413
450,1834,0.0007860577190953736,0.8772404145104367
451,1604,0.0006874790520332493,0.8779278935624699
452,1625,0.0006964797129389215,0.8786243732754089
453,1653,0.0007084805941464844,0.8793328538695554
454,1552,0.0006651917012192038,0.8799980455707747
455,1783,0.0007641989711815981,0.8807622445419563
456,1630,0.0006986227274402721,0.8814608672693965
457,1663,0.0007127666231491856,0.8821736338925458
458,1623,0.0006956225071383813,0.8828692563996842
459,1591,0.0006819072143297379,0.8835511636140139
460,1715,0.000735053973963231,0.8842862175879771
461,1596,0.0006840502288310885,0.8849702678168082
462,1597,0.0006844788317313586,0.8856547466485396
463,1576,0.0006754781708256864,0.8863302248193653
464,1568,0.0006720493476235255,0.8870022741669888
465,1758,0.0007534838986748456,0.8877557580656636
466,1511,0.0006476189823081295,0.8884033770479718
467,1493,0.0006399041301032676,0.8890432811780751
468,1489,0.0006381897185021872,0.8896814708965772
469,1561,0.0006690491273216348,0.8903505200238989
470,1703,0.0007299107391599898,0.8910804307630589
471,1517,0.0006501905997097501,0.8917306213627686
472,1490,0.0006386183214024573,0.892369239684171
473,1551,0.0006647630983189337,0.89303400278249
474,1491,0.0006390469243027273,0.8936730497067927
475,1666,0.0007140524318499958,0.8943871021386427
476,1627,0.0006973369187394617,0.8950844390573821
477,1546,0.0006626200838175831,0.8957470591411997
478,1470,0.0006300462633970551,0.8963771054045967
479,1517,0.0006501905997097501,0.8970272960043064
480,1636,0.0007011943448418927,0.8977284903491483
481,1544,0.000661762878017043,0.8983902532271653
482,1507,0.0006459045707070491,0.8990361577978723
483,1498,0.0006420471446046181,0.8996782049424769
484,1568,0.0006720493476235255,0.9003502542901004
485,1700,0.0007286249304591794,0.9010788792205596
486,1489,0.0006381897185021872,0.9017170689390618
487,1482,0.0006351894982002964,0.9023522584372621
488,1483,0.0006356181011005665,0.9029878765383627
489,1501,0.0006433329533054285,0.9036312094916681
490,1579,0.0006767639795264966,0.9043079734711946
491,1508,0.0006463331736073192,0.9049543066448019
492,1470,0.0006300462633970551,0.9055843529081989
493,1435,0.0006150451618876015,0.9061993980700865
494,1434,0.0006146165589873314,0.9068140146290739
495,1574,0.0006746209650251462,0.907488635594099
496,1427,0.0006116163386854406,0.9081002519327844
497,1443,0.0006184739850897623,0.9087187259178742
498,1426,0.0006111877357851705,0.9093299136536593
499,1386,0.0005940436197743663,0.9099239572734337
500,1571,0.0006733351563243358,0.910597292429758
501,1470,0.0006300462633970551,0.911227338693155
502,1534,0.000657476849014342,0.9118848155421693
503,1401,0.0006004726632784179,0.9124852882054477
504,1395,0.0005979010458767972,0.9130831892513245
505,1599,0.0006853360375318987,0.9137685252888563
506,1423,0.0006099019270843602,0.9143784272159406
507,1379,0.0005910433994724756,0.9149694706154131
508,1364,0.000584614355968424,0.9155540849713816
509,1342,0.0005751850921624816,0.916129270063544
510,1582,0.000678049788227307,0.9168073198517713
511,1448,0.0006206169995911128,0.9174279368513625
512,1409,0.0006039014864805787,0.9180318383378431
513,1351,0.0005790425182649126,0.918610880856108
514,1320,0.0005657558283565393,0.9191766366844645
515,1527,0.0006544766287124512,0.9198311133131769
516,1347,0.0005773281066638322,0.9204084414198407
517,1299,0.0005567551674508671,0.9209651965872916
518,1387,0.0005944722226746364,0.9215596688099662
519,1366,0.0005854715617689642,0.9221451403717351
520,1469,0.000629617660496785,0.9227747580322319
521,1343,0.0005756136950627517,0.9233503717272946
522,1339,0.0005738992834616713,0.9239242710107562
523,1326,0.00056832744575816,0.9244925984565144
524,1255,0.0005378966398389824,0.9250304950963534
525,1440,0.000617188176388952,0.9256476832727424
526,1354,0.0005803283269657229,0.9262280115997081
527,1328,0.0005691846515587001,0.9267971962512669
528,1352,0.0005794711211651827,0.9273766673724321
529,1261,0.0005404682572406031,0.9279171356296727
530,1464,0.0006274746459954345,0.9285446102756681
531,1288,0.0005520405355478959,0.9290966508112161
532,1360,0.0005828999443673436,0.9296795507555834
533,1234,0.0005288959789333102,0.9302084467345167
534,1229,0.0005267529644319598,0.9307351996989487
535,1386,0.0005940436197743663,0.931329243318723
536,1282,0.0005494689181462753,0.9318787122368692
537,1315,0.0005636128138551888,0.9324423250507244
538,1331,0.0005704704602595105,0.9330127955109839
539,1256,0.0005383252427392526,0.9335511207537232
540,1458,0.0006249030285938138,0.934176023782317
541,1320,0.0005657558283565393,0.9347417796106735
542,1228,0.0005263243615316896,0.9352681039722052
543,1254,0.0005374680369387123,0.9358055720091438
544,1191,0.0005104660542216957,0.9363160380633655
545,1489,0.0006381897185021872,0.9369542277818677
546,1228,0.0005263243615316896,0.9374805521433993
547,1283,0.0005498975210465455,0.9380304496644458
548,1305,0.0005593267848524878,0.9385897764492983
549,1166,0.000499750981714943,0.9390895274310133
550,1461,0.0006261888372946242,0.9397157162683079
551,1235,0.0005293245818335803,0.9402450408501415
552,1235,0.0005293245818335803,0.9407743654319751
553,1259,0.0005396110514400629,0.9413139764834152
554,1264,0.0005417540659414134,0.9418557305493566
555,1421,0.00060904472128382,0.9424647752706404
556,1312,0.0005623270051543785,0.9430271022757948
557,1217,0.0005216097296287185,0.9435487120054235
558,1166,0.000499750981714943,0.9440484629871384
559,1215,0.0005207525238281783,0.9445692155109666
560,1475,0.0006321892778984057,0.945201404788865
561,1252,0.0005366108311381721,0.9457380156200033
562,1187,0.0005087516426206152,0.9462467672626239
563,1183,0.0005070372310195349,0.9467538044936434
564,1203,0.000515609289024937,0.9472694137826684
565,1450,0.000621474205391653,0.94789088798806
566,1289,0.000552469138448166,0.9484433571265082
567,1154,0.0004946077469117017,0.9489379648734199
568,1208,0.0005177523035262874,0.9494557171769461
569,1143,0.0004898931150087307,0.9499456102919548
570,1376,0.0005897575907716652,0.9505353678827264
571,1291,0.0005533263442487063,0.9510886942269752
572,1104,0.0004731776018981965,0.9515618718288734
573,1139,0.00048817870340765024,0.9520500505322811
574,1144,0.0004903217179090007,0.9525403722501901
575,1392,0.000596615237175987,0.9531369874873661
576,1184,0.000507465833919805,0.9536444533212859
577,1152,0.0004937505411111616,0.954138203862397
578,1184,0.000507465833919805,0.9546456696963168
579,1091,0.00046760576419468513,0.9551132754605115
580,1424,0.0006103305299846303,0.9557236059904961
581,1155,0.000495036349811972,0.9562186423403081
582,1152,0.0004937505411111616,0.9567123928814192
583,1174,0.0005031798049171039,0.9572155726863363
584,1068,0.00045774789748847275,0.9576733205838247
585,1345,0.000576470900863292,0.958249791484688
586,1164,0.0004988937759144029,0.9587486852606024
587,1142,0.0004894645121084606,0.9592381497727108
588,1060,0.00045431907428631187,0.9596924688469971
589,1075,0.0004607481177903635,0.9601532169647875
590,1323,0.0005670416370573496,0.9607202586018448
591,1158,0.0004963221585127822,0.9612165807603577
592,1117,0.0004787494396017079,0.9616953301999593
593,1046,0.0004483186336825304,0.9621436488336419
594,1076,0.00046117672069063357,0.9626048255543326
595,1388,0.0005949008255749065,0.9631997263799075
596,1145,0.0004907503208092708,0.9636904767007167
597,1126,0.00048260686570413886,0.9641730835664208
598,1089,0.00046674855839414495,0.964639832124815
599,951,0.0004076013581568704,0.9650474334829718
600,1428,0.0006120449415857107,0.9656594784245576
601,1163,0.0004984651730141328,0.9661579435975717
602,1101,0.0004718917931973862,0.9666298353907691
603,1048,0.00044917583948307063,0.9670790112302522
604,949,0.00040674415235633014,0.9674857553826085
605,1360,0.0005828999443673436,0.9680686553269758
606,1100,0.0004714631902971161,0.968540118517273
607,1078,0.0004620339264911738,0.9690021524437641
608,1059,0.0004538904713860418,0.9694560429151501
609,925,0.0003964576827498476,0.9698525005979
610,1381,0.0005919006052730158,0.970444401203173
611,1112,0.0004766064251003574,0.9709210076282734
612,1031,0.00044188959017847884,0.9713628972184518
613,988,0.0004234596654668643,0.9717863568839187
614,963,0.00041274459296011167,0.9721991014768788
615,1404,0.0006017584719792281,0.972800859948858
616,1101,0.0004718917931973862,0.9732727517420554
617,1146,0.0004911789237095409,0.9737639306657649
618,1027,0.00044017517857739837,0.9742041058443424
619,924,0.0003960290798495775,0.974600134924192
620,1349,0.0005781853124643724,0.9751783202366563
621,1109,0.00047532061639954707,0.9756536408530558
622,1057,0.00045303326558550155,0.9761066741186414
623,971,0.0004161734161622725,0.9765228475348037
624,806,0.00034545393761770506,0.9768683014724214
625,1323,0.0005670416370573496,0.9774353431094788
626,1071,0.000459033706189283,0.977894376815668
627,1024,0.0004388893698765881,0.9783332661855446
628,891,0.00038188518414066403,0.9787151513696852
629,764,0.00032745261580636065,0.9790426039854916
630,1344,0.0005760422979630219,0.9796186462834546
631,1038,0.0004448898104803696,0.980063536093935
632,979,0.0004196022393644333,0.9804831383332995
633,819,0.00035102577532121644,0.9808341641086207
634,677,0.00029016416348286145,0.9811243282721035
635,1313,0.0005627556080546486,0.9816870838801581
636,1027,0.00044017517857739837,0.9821272590587355
637,905,0.0003878856247444455,0.98251514468348
638,820,0.00035145437822148653,0.9828665990617015
639,681,0.00029187857508394187,0.9831584776367854
640,1323,0.0005670416370573496,0.9837255192738428
641,1033,0.000442746795979019,0.9841682660698218
642,943,0.00040417253495470955,0.9845724386047765
643,739,0.000316737543299608,0.9848891761480761
644,621,0.00026616240106773557,0.9851553385491438
645,1344,0.0005760422979630219,0.9857313808471069
646,952,0.00040802996105714046,0.986139410808164
647,850,0.0003643124652295897,0.9865037232733936
648,737,0.0003158803374990678,0.9868196036108927
649,548,0.00023487438934801784,0.9870544780002407
650,1294,0.0005546121529495166,0.9876090901531902
651,919,0.000393886065348227,0.9880029762185384
652,807,0.00034588254051797515,0.9883488587590563
653,598,0.00025630453436152313,0.9886051632934179
654,487,0.0002087296124315414,0.9888138929058494
655,1263,0.0005413254630411433,0.9893552183688906
656,894,0.00038317099284147435,0.9897383893617321
657,746,0.0003197377636014987,0.9900581271253336
658,573,0.00024558946185477046,0.9903037165871884
659,390,0.00016715513110534115,0.9904708717182937
660,1334,0.0005717562689603208,0.9910426279872541
661,855,0.00036645547973094026,0.991409083466985
662,673,0.00028844975188178104,0.9916975332188668
663,502,0.000215158655935593,0.9919126918748024
664,367,0.00015729726439912874,0.9920699891392015
665,1241,0.000531896199235201,0.9926018853384367
666,748,0.00032059496940203895,0.9929224803078388
667,602,0.00025801894596260355,0.9931804992538014
668,397,0.0001701553514072319,0.9933506546052085
669,293,0.00012558064977914092,0.9934762352549877
670,1232,0.00052803877313277,0.9940042740281205
671,690,0.00029573600118637283,0.9943000100293069
672,501,0.00021473005303532288,0.9945147400823422
673,362,0.0001551542498977782,0.99466989433224
674,212,9.086381485726238e-05,0.9947607581470972
675,1207,0.0005173237006260174,0.9952780818477233
676,664,0.00028459232577935007,0.9955626741735026
677,422,0.00018087042391398453,0.9957435445974167
678,263,0.00011272256277103776,0.9958562671601877
679,160,6.857646404321689e-05,0.995924843624231
680,1111,0.00047617782220008725,0.9964010214464311
681,539,0.0002310169632455869,0.9966320384096766
682,343,0.0001470107947926462,0.9967790492044692
683,216,9.25782264583428e-05,0.9968716274309276
684,99,4.243168712674045e-05,0.9969140591180543
685,997,0.00042731709156929525,0.9973413762096236
686,513,0.00021987328783856414,0.9975612494974622
687,300,0.00012858087008103166,0.9976898303675432
688,140,6.000440603781478e-05,0.997749834773581
689,59,2.5287571115936228e-05,0.997775122344697
690,948,0.00040631554945606005,0.998181437894153
691,393,0.00016844093980615147,0.9983498788339592
692,191,8.186315395159016e-05,0.9984317419879108
693,74,3.171661461998781e-05,0.9984634586025308
694,28,1.2000881207562956e-05,0.9984754594837384
695,809,0.0003467397463185154,0.9988221992300569
696,265,0.00011357976857157797,0.9989357789986285
697,108,4.62891132291714e-05,0.9989820681118576
698,43,1.8429924711614538e-05,0.9990004980365692
699,11,4.714631902971161e-06,0.9990052126684722
700,686,0.0002940215895852924,0.9992992342580574
701,195,8.357756555267058e-05,0.9993828118236101
702,45,1.928713051215475e-05,0.9994020989541222
703,11,4.714631902971161e-06,0.9994068135860252
704,2,8.572058005402111e-07,0.9994076707918258
705,550,0.00023573159514855805,0.9996434023869744
706,100,4.286029002701055e-05,0.9996862626770013
707,25,1.0715072506752638e-05,0.999696977749508
708,3,1.2858087008103167e-06,0.9996982635582089
710,364,0.00015601145569831842,0.9998542750139072
711,45,1.928713051215475e-05,0.9998735621444194
712,7,3.000220301890739e-06,0.9998765623647212
715,217,9.30068293586129e-05,0.9999695691940799
716,10,4.286029002701055e-06,0.9999738552230826
720,61,2.6144776916476437e-05,0.999999999999999
