priority,provider,dataset,years,access_type,known_cost,status,date_requested,date_received,local_path,license_checked,notes
A1,MoSPI Microdata Portal,Periodic Labour Force Survey (annual/calendar public-use files),2017-18 through 2023-24; calendar 2024; calendar 2025,Free account/login,₹0,downloaded_local_csv_docs_2026-07-25,,2026-07-25,data/external/mospi/plfs,yes,"API download complete for priority+model-batch PLFS waves (2019-20 through 2023-24 annual, calendar 2022/2023/2025). Local under data/external/mospi/plfs/. Not committed."
A2,MoSPI Microdata Portal,Household Consumption Expenditure Survey (HCES),2022-23 and 2023-24,Free account/login,₹0,downloaded_local_csv_docs_2026-07-25,,2026-07-25,data/external/mospi/hces,yes,API download. HCES 2022-23 and 2023-24 CSV+docs local. Registered in download_manifest.csv.
A3,MoSPI Microdata Portal,"Comprehensive Modular Survey on Education (CMSE), NSS 80th Round",2025,Free account/login,₹0,downloaded_local_csv_docs_2026-07-25,,2026-07-25,data/external/mospi/cmse/2025/raw,yes,API download. CMSE 2025 CSV+docs local.
A4,MoSPI Microdata Portal,"Household Social Consumption: Education, NSS 75th Round",2017-18,Free account/login,₹0,downloaded_local_csv_docs_2026-07-25,,2026-07-25,data/external/mospi/nss_education/2017-18/raw,yes,API download. NSS Education 75th Round CSV+docs local.
A5,MoSPI Microdata Portal,"Debt and Investment Survey (AIDIS), NSS 77th Round",2019,Free account/login,₹0,downloaded_local_csv_docs_2026-07-25,,2026-07-25,data/external/mospi/aidis/2019/raw,yes,API download. AIDIS 2019 CSV+docs local.
A6,The DHS Program,National Family Health Survey NFHS-5,2019-21,Free request/login; approval required,₹0,login_required_probe_2026-07-25,,,data/external/dhs/nfhs5,no,Dataset page reachable; download requires DHS account + project approval
A7,The DHS Program,National Family Health Survey NFHS-4,2015-16,Free request/login; approval required,₹0,not_requested,,,,no,
A8,ICPSR / DSDR,India Human Development Survey I and II,2004-05 and 2011-12,Free account/terms,₹0,not_requested,,,,no,
A9,PRICE,ICE 360 Household Surveys,"2014, 2016, 2021, 2023",Login/register; terms/approval or quote unclear,Unknown; ask PRICE,not_requested,,,,no,
A10,MoSPI Microdata Portal,Time Use Survey,2019 and 2024,Free account/login,₹0,downloaded_local_unitzip_docs_2026-07-25,2026-07-25,2026-07-25,data/external/mospi/tus,yes,API download complete. TUS 2019 and 2024 unit-level zips + docs under data/external/mospi/tus/ (zip not CSV-named).
A11,MoSPI Microdata Portal,"Multiple Indicator Survey, NSS 78th Round",2020-21,Free account/login,₹0,downloaded_local_csv_docs_2026-07-25,2026-07-25,2026-07-25,data/external/mospi/mis/2020-21/raw,yes,API download complete. MIS 78th CSV+docs under data/external/mospi/mis/2020-21/raw/.
A12,MoSPI Microdata Portal,Comprehensive Annual Modular Survey (CAMS),2022-23,Free account/login,₹0,downloaded_local_csv_docs_2026-07-25,2026-07-25,2026-07-25,data/external/mospi/cams/2022-23/raw,yes,API download complete. CAMS 2022-23 CSV+docs under data/external/mospi/cams/2022-23/raw/.
A13,MoSPI Microdata Portal,Annual Survey of Unincorporated Sector Enterprises (ASUSE),"2022-23, 2023-24, and latest 2025 release if available",Free account/login,₹0,downloaded_local_csv_docs_2026-07-25,2026-07-25,2026-07-25,data/external/mospi/asuse,yes,API download complete. ASUSE 2022-23 and 2023-24 CSV+docs under data/external/mospi/asuse/.
A14,MoSPI Microdata Portal,"Household Social Consumption: Health, NSS 75th Round",2017-18,Free account/login,₹0,downloaded_local_csv_docs_2026-07-25,2026-07-25,2026-07-25,data/external/mospi/nss_health/2017-18/raw,yes,API download complete. NSS Health 75th 2017-18 CSV+docs under data/external/mospi/nss_health/2017-18/raw/.
A14b,MoSPI Microdata Portal,"Household Social Consumption: Health, NSS 80th Round / Jan-Dec 2025",2025,Free account/login,₹0,downloaded_local_csv_docs_2026-07-25,2026-07-25,2026-07-25,data/external/mospi/nss_health/2025/raw,yes,API download complete. Health 2025 CSV+docs under data/external/mospi/nss_health/2025/raw/.
A15,Young Lives / UK Data Service or World Bank Microdata,Young Lives India longitudinal cohorts and school surveys,2002 onward; all public rounds,Registration/terms; generally free,₹0,metadata_literature_only_2026-07-25,,2026-07-25,data/external/young_lives,partial,DCAT/JSON-LD + cohort profile PDF only; UKDS unit files still needed (SN-9543).
A16,ICMR National Health Research Data Repository,Relevant adolescent/mental-health and health-workforce datasets,various,Registration plus query/application; raw data often not released,Usually ₹0; project-specific,not_requested,,,,no,
A17,Dataful,NEET 2024 centre-wise marks derived from NTA,2024,Free account or download gate,Likely ₹0 for listed dataset; verify,not_requested,,,,no,
B1,EPWRF India Time Series,Selected aggregate modules via pay-per-use,long time series,Paid pay-per-use or annual subscription,₹20 per column up to 200 lines; ₹10 each additional 200 lines; small modules ₹120-₹230/year,not_requested,,,,no,
B2,Indiastat Districts,District-level socioeconomic tables,various,Paid subscription,"15-day: ₹5,664 incl. GST in India or $283 foreign, 10 tables; 30-day: ₹8,142 or $354, 30 tables",not_requested,,,,no,
B3,CMIE,Consumer Pyramids Household Survey Dx,"2014-present, three waves/year",Paid subscription; price by quote/institution,Current price not public; likely not small,not_requested,,,,no,
B4,AAMC,Custom applicant/matriculant data report for U.S. comparator,recent 5-10 entering classes,Request; custom reports may have fee,Unknown; quote before acceptance,not_requested,,,,no,
B5,NCES / Standard Application Process,NPSAS restricted-use microdata,2019-20 and latest available,Restricted-use application,No data fee stated; institutional security/compliance costs,not_requested,,,,no,
B6,IPUMS USA,ACS microdata extracts,2010-latest; prioritize 2018-2024,Free registration,₹0 / $0,not_requested,,,,no,
B7,IPUMS CPS,CPS ASEC and monthly microdata,2010-latest,Free registration,₹0 / $0,not_requested,,,,no,
B8,NLS Investigator,NLSY97 and optionally NLSY79,all public rounds,Free account to save/download extracts,₹0 / $0,not_requested,,,,no,
R1,National Testing Agency via RTI,NEET application/result database schema and anonymized socioeconomic-score tables,2019-2026,RTI request,₹10 central application fee; possible copying/media charges,not_requested,,,,no,
R2,MCC / DGHS via RTI,Machine-readable counselling and joined-admission records,2019-2026,RTI request,Usually ₹10 central RTI fee,not_requested,,,,no,
R3,National Medical Commission via RTI,"Historical medical-college capacity, ownership, fees, completion and attrition",2010-2026,RTI request,Usually ₹10 central RTI fee,not_requested,,,,no,
R4,State counselling/medical education authorities via state RTI portals,"State applicant, merit, allotment, fee and joining records",2019-2026,State RTI request,Fee/process varies by state,not_requested,,,,no,
O1,ASER Centre,ASER household/school unit records or custom tabulations,recent annual rural rounds; 2018 onward,Direct research request; access policy unclear,Unknown; likely request/partnership,not_requested,,,,no,
O2,Major coaching providers and scholarship programs,Anonymized NEET cohort/outcome extracts,2019-2026,Direct data partnership,Unknown; negotiate,not_requested,,,,no,
P1,OSF / Biswas and Maji,Anonymized NEET-JEE aspirant survey and codebook,2025-26,Public view-only project,₹0,downloaded,,2026-07-25,data/external/osf/tnh4x/raw/,no,Downloaded; mental-health focus; no coaching-fee/hours/score/seat fields observed in CSV header
P2,Alagappa University authors,NEET preparation psychosocial survey microdata,2026,Author request,₹0 expected; terms may apply,not_requested,,,,no,N=400; coaching intensity and repeat attempts
P3,Sri Manakula Vinayagar Medical College authors,NEET score and first-year MBBS analytic data,2017-18 cohort,Author/institution request,₹0 expected; ethics terms may apply,not_requested,,,,no,N=150 admitted students
P4,Katuri Medical College authors,NEET-UG 2020 anxiety survey microdata,2020,Author request,₹0 expected; ethics terms may apply,not_requested,,,,no,N=200 aspirants
P5,Pondicherry University / Mahe Centre,Kerala backward-class social-origin and programme-choice survey,2015 study,Author request,₹0 expected; terms may apply,not_requested,,,,no,N=523; pre-NEET structural access evidence
P6,OpenICPSR,Bagde-Epple-Taylor Indian engineering admissions replication package,2016 publication / 2019 deposit,Public download,₹0,not_downloaded,,,,no,Methodological analogue for caste/gender/reservation admissions
P7,Kerala CEE,KEAM medical rank-category-allotment-last-rank-vacancy archive,2019-2026,Public official,₹0,not_downloaded,,,,no,Best first state admissions adapter
P8,NIRF / medical institutions,Medical-college institution submissions,2018-2026,Public aggregate,₹0,not_downloaded,,,,no,Economic/social challenge and outcomes validation
P9,NMC / medical colleges,Final admitted MBBS student submissions,available years,Public but privacy-sensitive,₹0,not_downloaded,,,,no,Aggregate-only ingestion; discard direct identifiers
P10,Ministry of Education RTI archive,Historical NEET RTI replies and attachments,2019 onward,Public archive / recovery request,₹0,not_recovered,,,,no,Use exact request IDs in public_rti_archive_leads.csv
P11,RankerCentral,Licensed normalized state counselling export,2021-2026,Vendor access / possible paid plan,Unknown; request quote/license,not_requested,,,,no,Require source-PDF provenance and dictionary
C1,Dakshana Foundation,JDST all-applicant deidentified extract around selection cutoffs,2016-2026,Direct research request / partnership,₹0 expected; NDA/ethics may apply,not_requested,,,,no,Highest-value coaching causal lead; public AR + JDST rules already downloaded
C2,Bihar School Examination Board,"Super 50 all-applicant entrance scores, selection, coaching assignment, NEET outcomes",recent cohorts through 2027,Institutional partnership / RTI,Unknown; state process,not_requested,,,,no,coaching.biharboardonline.com returned 404 on 2026-07-25; news mirrors archived
C3,SATHEE / IIT Kanpur,"Learning-platform event logs, school rollout dates, linked NEET results where consented",deployment years,PI / project-team request,₹0 expected; ethics/consent required,not_requested,,,,no,Best continuous preparation-dose source; contact Amey Karkare / SATHEE team
C4,CSRL Super 30,"Applicant test/interview scores, selection, attendance, NEET/admission outcomes",recent cohorts,Direct research request,Unknown,not_requested,,,,no,Multi-centre scored-selection design
C5,Careers360,2022 NEET preparation survey raw responses and branching logic,2022,Vendor/research request,Unknown,not_requested,,,,no,N~717; severe selection: many non-admits skipped preparation questions
C6,Tamil Nadu Selection Committee / DME,Deidentified counselling applicant-allotment spine with attempts/income/school fields,2019-2026,Institutional outreach / state RTI,State RTI fee varies,partial_public,,,data/external/tamil_nadu/counselling/raw/,no,Public rank/allotment PDFs downloaded; richer application fields still gated
C7,CBSE,Dummy-school enforcement registry and any research extract of attendance/dummy enrolment,2024-2025 inspections,Public PDFs + optional research request,₹0 for public lists,public_downloaded,,2026-07-25,data/external/cbse/raw/; data/processed/cbse_dummy_school_registry.csv,yes,School-level proxy built; student-level exposure still missing
C8,ALLEN / Aakash / Physics Wallah,Anonymized preparation dose histories with NEET outcomes under NDA,2019-2026,Commercial data partnership,Unknown; likely restricted,not_requested,,,,no,"High volume, high selection; last resort after program-cutoff datasets"
P12,Dakshana Foundation,Annual reports and JDST selection notifications (public),2007-2024 reports; JDST 2024 notice,Public download,₹0,downloaded,,2026-07-25,data/external/dakshana/raw/,yes,Aggregate scholar outcomes only; not applicant-level
P13,Tamil Nadu Selection Committee,Public MBBS/BDS rank and allotment PDF archives,2023-24 examples + 2025-26 home crawl,Public official,₹0,downloaded,,2026-07-25,data/external/tamil_nadu/counselling/raw/,yes,Contains direct identifiers; strip before processed use
